-- phpMyAdmin SQL Dump
-- version 5.2.1
-- https://www.phpmyadmin.net/
--
-- Servidor: 127.0.0.1:3306
-- Tiempo de generación: 26-11-2024 a las 15:12:20
-- Versión del servidor: 8.3.0
-- Versión de PHP: 8.3.6

SET SQL_MODE = "NO_AUTO_VALUE_ON_ZERO";
START TRANSACTION;
SET time_zone = "+00:00";


/*!40101 SET @OLD_CHARACTER_SET_CLIENT=@@CHARACTER_SET_CLIENT */;
/*!40101 SET @OLD_CHARACTER_SET_RESULTS=@@CHARACTER_SET_RESULTS */;
/*!40101 SET @OLD_COLLATION_CONNECTION=@@COLLATION_CONNECTION */;
/*!40101 SET NAMES utf8mb4 */;

--
-- Base de datos: `besta`
--

--
-- Volcado de datos para la tabla `carteras`
--

INSERT INTO `carteras` (`id`, `nombre`, `descripcion`, `created_at`, `updated_at`) VALUES
(1, 'Zoombeat', 'quisque ut erat curabitur gravida nisi at nibh in hac habitasse platea dictumst aliquam', NULL, NULL),
(2, 'Zoozzy', 'aliquet massa id lobortis convallis tortor risus dapibus augue vel accumsan tellus nisi', NULL, NULL),
(3, 'Yombu', 'morbi ut odio cras mi pede malesuada in imperdiet et commodo vulputate', NULL, NULL);

--
-- Volcado de datos para la tabla `clientes`
--

INSERT INTO `clientes` (`id`, `nombre`, `email`, `telefono`, `direccion`, `created_at`, `updated_at`) VALUES
(1, 'Michail Grinin', 'mgrinin0@wikipedia.org', '9932565826', 'Suite 100', NULL, NULL),
(2, 'Aloisia Eul', 'aeul1@msn.com', '5929867482', '7th Floor', NULL, NULL),
(3, 'Cosette Hook', 'chook2@vkontakte.ru', '9862579386', '5th Floor', NULL, NULL),
(4, 'Mayer De Goey', 'mde3@sohu.com', '2877379058', 'Apt 493', NULL, NULL),
(5, 'Nana Burley', 'nburley4@1688.com', '3564773551', 'PO Box 36264', NULL, NULL),
(6, 'Moises Mallabund', 'mmallabund5@dailymail.co.uk', '2987671409', 'PO Box 21739', NULL, NULL),
(7, 'Charmian Goldstraw', 'cgoldstraw6@howstuffworks.com', '9875716043', 'Apt 1022', NULL, NULL),
(8, 'Timmy Benkhe', 'tbenkhe7@lulu.com', '8299779971', '10th Floor', NULL, NULL),
(9, 'Selena Doylend', 'sdoylend8@java.com', '6377904160', 'Apt 800', NULL, NULL),
(10, 'Chandler Lichtfoth', 'clichtfoth9@storify.com', '2678535304', 'PO Box 20355', NULL, NULL);

--
-- Volcado de datos para la tabla `clientes_carteras`
--

INSERT INTO `clientes_carteras` (`id`, `cliente_id`, `cartera_id`) VALUES
(1, 1, 2),
(2, 2, 2),
(3, 3, 3),
(4, 4, 1),
(5, 5, 2),
(6, 6, 3),
(7, 7, 1),
(8, 8, 1),
(9, 9, 1),
(10, 10, 1);

--
-- Volcado de datos para la tabla `facturas`
--

INSERT INTO `facturas` (`id`, `cliente_id`, `numero_factura`, `fecha_emision`, `monto_total`, `estatus`, `created_at`, `updated_at`) VALUES
(1, 7, '1', '2024-06-25', 226145.00, 'cancelada', NULL, NULL),
(2, 7, '2', '2024-05-28', 360958.00, 'pagada', NULL, NULL),
(3, 5, '3', '2023-10-26', 558163.00, 'cancelada', NULL, NULL),
(4, 9, '4', '2023-11-16', 673268.00, 'pagada', NULL, NULL),
(5, 3, '5', '2023-12-04', 441542.00, 'pagada', NULL, NULL),
(6, 4, '6', '2024-04-22', 668746.00, 'pagada', NULL, NULL),
(7, 7, '7', '2024-09-07', 975399.00, 'pendiente', NULL, NULL),
(8, 2, '8', '2024-04-15', 842965.00, 'pagada', NULL, NULL),
(9, 2, '9', '2024-09-29', 560043.00, 'pendiente', NULL, NULL),
(10, 10, '10', '2024-10-31', 990062.00, 'pendiente', NULL, NULL),
(11, 4, '11', '2024-07-04', 698775.00, 'cancelada', NULL, NULL),
(12, 1, '12', '2023-12-31', 21791.00, 'pagada', NULL, NULL),
(13, 3, '13', '2024-05-24', 668671.00, 'cancelada', NULL, NULL),
(14, 6, '14', '2023-12-24', 916518.00, 'pendiente', NULL, NULL),
(15, 9, '15', '2024-04-20', 127555.00, 'cancelada', NULL, NULL),
(16, 8, '16', '2024-06-04', 925300.00, 'pendiente', NULL, NULL),
(17, 9, '17', '2023-10-19', 288912.00, 'cancelada', NULL, NULL),
(18, 10, '18', '2024-11-09', 357005.00, 'pagada', NULL, NULL),
(19, 3, '19', '2024-05-31', 508798.00, 'cancelada', NULL, NULL),
(20, 9, '20', '2023-12-15', 283088.00, 'pagada', NULL, NULL),
(21, 5, '21', '2023-12-22', 653678.00, 'pendiente', NULL, NULL),
(22, 10, '22', '2024-08-23', 589710.00, 'pendiente', NULL, NULL),
(23, 3, '23', '2024-05-31', 48304.00, 'cancelada', NULL, NULL),
(24, 3, '24', '2024-09-10', 900704.00, 'cancelada', NULL, NULL),
(25, 3, '25', '2023-11-17', 433181.00, 'cancelada', NULL, NULL),
(26, 5, '26', '2024-06-12', 708166.00, 'pendiente', NULL, NULL),
(27, 1, '27', '2024-04-03', 292594.00, 'cancelada', NULL, NULL),
(28, 7, '28', '2023-10-15', 970062.00, 'pendiente', NULL, NULL),
(29, 3, '29', '2024-10-05', 513657.00, 'pendiente', NULL, NULL),
(30, 2, '30', '2023-09-01', 560713.00, 'cancelada', NULL, NULL),
(31, 4, '31', '2024-10-25', 555294.00, 'cancelada', NULL, NULL),
(32, 4, '32', '2024-09-28', 931083.00, 'pagada', NULL, NULL),
(33, 9, '33', '2024-05-17', 284279.00, 'pagada', NULL, NULL),
(34, 7, '34', '2024-07-01', 996531.00, 'cancelada', NULL, NULL),
(35, 7, '35', '2024-11-02', 28215.00, 'pendiente', NULL, NULL),
(36, 2, '36', '2024-03-30', 441776.00, 'pagada', NULL, NULL),
(37, 4, '37', '2024-03-04', 63054.00, 'cancelada', NULL, NULL),
(38, 5, '38', '2024-02-27', 858884.00, 'cancelada', NULL, NULL),
(39, 9, '39', '2023-12-18', 685536.00, 'pendiente', NULL, NULL),
(40, 9, '40', '2023-10-11', 390712.00, 'cancelada', NULL, NULL),
(41, 4, '41', '2024-11-17', 366029.00, 'pendiente', NULL, NULL),
(42, 7, '42', '2024-08-30', 296476.00, 'cancelada', NULL, NULL),
(43, 6, '43', '2024-05-15', 216731.00, 'cancelada', NULL, NULL),
(44, 5, '44', '2024-03-16', 941083.00, 'pendiente', NULL, NULL),
(45, 4, '45', '2024-02-10', 624783.00, 'pendiente', NULL, NULL),
(46, 10, '46', '2024-10-05', 14410.00, 'cancelada', NULL, NULL),
(47, 10, '47', '2023-12-05', 766861.00, 'cancelada', NULL, NULL),
(48, 2, '48', '2024-04-23', 265904.00, 'cancelada', NULL, NULL),
(49, 5, '49', '2024-07-08', 349660.00, 'pagada', NULL, NULL),
(50, 9, '50', '2024-08-06', 496753.00, 'pagada', NULL, NULL),
(51, 5, '51', '2023-12-19', 935032.00, 'pagada', NULL, NULL),
(52, 8, '52', '2024-07-31', 140047.00, 'pagada', NULL, NULL),
(53, 8, '53', '2024-09-01', 935176.00, 'pendiente', NULL, NULL),
(54, 5, '54', '2024-04-11', 641022.00, 'pendiente', NULL, NULL),
(55, 9, '55', '2024-05-05', 62648.00, 'pagada', NULL, NULL),
(56, 8, '56', '2023-12-31', 704441.00, 'pendiente', NULL, NULL),
(57, 8, '57', '2024-08-19', 369346.00, 'pendiente', NULL, NULL),
(58, 6, '58', '2024-09-18', 982603.00, 'pagada', NULL, NULL),
(59, 6, '59', '2024-09-30', 719951.00, 'pendiente', NULL, NULL),
(60, 2, '60', '2024-01-14', 4492.00, 'pagada', NULL, NULL),
(61, 10, '61', '2024-11-11', 581405.00, 'cancelada', NULL, NULL),
(62, 5, '62', '2024-08-05', 702020.00, 'pendiente', NULL, NULL),
(63, 2, '63', '2023-09-08', 384398.00, 'pendiente', NULL, NULL),
(64, 9, '64', '2023-12-07', 491851.00, 'pendiente', NULL, NULL),
(65, 10, '65', '2024-02-15', 419534.00, 'pendiente', NULL, NULL),
(66, 10, '66', '2024-01-18', 250380.00, 'cancelada', NULL, NULL),
(67, 10, '67', '2023-12-14', 914938.00, 'pendiente', NULL, NULL),
(68, 5, '68', '2023-10-21', 983794.00, 'cancelada', NULL, NULL),
(69, 5, '69', '2024-05-06', 57444.00, 'pendiente', NULL, NULL),
(70, 9, '70', '2023-12-07', 91977.00, 'cancelada', NULL, NULL),
(71, 5, '71', '2023-10-17', 167712.00, 'pagada', NULL, NULL),
(72, 1, '72', '2024-04-02', 290360.00, 'cancelada', NULL, NULL),
(73, 10, '73', '2024-09-05', 715635.00, 'cancelada', NULL, NULL),
(74, 7, '74', '2024-07-09', 368646.00, 'pendiente', NULL, NULL),
(75, 7, '75', '2024-07-09', 791645.00, 'pendiente', NULL, NULL),
(76, 3, '76', '2024-11-18', 164963.00, 'pagada', NULL, NULL),
(77, 4, '77', '2023-12-15', 97119.00, 'cancelada', NULL, NULL),
(78, 8, '78', '2024-05-29', 390114.00, 'pendiente', NULL, NULL),
(79, 9, '79', '2023-12-30', 278334.00, 'cancelada', NULL, NULL),
(80, 4, '80', '2024-11-13', 935323.00, 'cancelada', NULL, NULL),
(81, 5, '81', '2023-12-03', 716226.00, 'cancelada', NULL, NULL),
(82, 4, '82', '2024-01-12', 192446.00, 'cancelada', NULL, NULL),
(83, 9, '83', '2023-09-26', 509805.00, 'cancelada', NULL, NULL),
(84, 7, '84', '2023-10-22', 280131.00, 'pendiente', NULL, NULL),
(85, 8, '85', '2024-09-18', 998656.00, 'pendiente', NULL, NULL),
(86, 2, '86', '2023-10-12', 954736.00, 'pendiente', NULL, NULL),
(87, 9, '87', '2024-07-21', 407640.00, 'cancelada', NULL, NULL),
(88, 4, '88', '2024-07-24', 630949.00, 'pagada', NULL, NULL),
(89, 1, '89', '2024-04-01', 35538.00, 'pendiente', NULL, '2024-11-26 00:00:00'),
(90, 9, '90', '2023-10-02', 956607.00, 'pagada', NULL, NULL),
(91, 2, '91', '2024-03-08', 24057.00, 'cancelada', NULL, NULL),
(92, 3, '92', '2024-11-17', 809006.00, 'pagada', NULL, NULL),
(93, 4, '93', '2024-01-10', 589398.00, 'cancelada', NULL, NULL),
(94, 7, '94', '2024-08-13', 181013.00, 'cancelada', NULL, NULL),
(95, 8, '95', '2023-10-24', 496494.00, 'pagada', NULL, NULL),
(96, 9, '96', '2024-05-08', 392903.00, 'pagada', NULL, NULL),
(97, 6, '97', '2024-04-27', 621758.00, 'pendiente', NULL, NULL),
(98, 6, '98', '2024-10-09', 190007.00, 'pagada', NULL, NULL),
(99, 1, '99', '2024-07-10', 946831.00, 'pagada', NULL, NULL),
(100, 7, '100', '2024-08-29', 278040.00, 'cancelada', NULL, NULL),
(101, 8, '101', '2023-10-12', 226125.00, 'cancelada', NULL, NULL),
(102, 10, '102', '2024-07-31', 53148.00, 'pendiente', NULL, NULL),
(103, 4, '103', '2024-04-10', 994274.00, 'pendiente', NULL, NULL),
(104, 6, '104', '2024-06-02', 348837.00, 'pendiente', NULL, NULL),
(105, 6, '105', '2024-02-15', 780168.00, 'pendiente', NULL, NULL),
(106, 3, '106', '2024-03-11', 854401.00, 'pagada', NULL, NULL),
(107, 9, '107', '2024-05-16', 205404.00, 'pendiente', NULL, NULL),
(108, 6, '108', '2024-06-08', 197986.00, 'cancelada', NULL, NULL),
(109, 4, '109', '2024-01-29', 27488.00, 'pendiente', NULL, NULL),
(110, 6, '110', '2023-11-06', 142209.00, 'cancelada', NULL, NULL),
(111, 4, '111', '2024-06-15', 908005.00, 'pagada', NULL, NULL),
(112, 5, '112', '2024-03-07', 966670.00, 'pendiente', NULL, NULL),
(113, 4, '113', '2024-09-18', 169436.00, 'pagada', NULL, NULL),
(114, 1, '114', '2024-09-01', 896761.00, 'cancelada', NULL, NULL),
(115, 4, '115', '2024-08-07', 661181.00, 'pagada', NULL, NULL),
(116, 5, '116', '2024-04-21', 109888.00, 'cancelada', NULL, NULL),
(117, 3, '117', '2024-10-03', 281789.00, 'pagada', NULL, NULL),
(118, 10, '118', '2024-05-31', 923610.00, 'pagada', NULL, NULL),
(119, 9, '119', '2024-09-20', 505105.00, 'pagada', NULL, NULL),
(120, 7, '120', '2024-07-28', 694550.00, 'pendiente', NULL, NULL),
(121, 9, '121', '2024-05-30', 471309.00, 'pendiente', NULL, NULL),
(122, 8, '122', '2024-06-10', 864696.00, 'pendiente', NULL, NULL),
(123, 8, '123', '2024-01-19', 111009.00, 'pagada', NULL, NULL),
(124, 6, '124', '2024-05-14', 188122.00, 'pendiente', NULL, NULL),
(125, 1, '125', '2024-03-11', 581946.00, 'pendiente', NULL, NULL),
(126, 8, '126', '2024-07-12', 643964.00, 'pagada', NULL, NULL),
(127, 8, '127', '2024-10-07', 150035.00, 'pagada', NULL, NULL),
(128, 9, '128', '2024-06-28', 868270.00, 'pagada', NULL, NULL),
(129, 9, '129', '2023-10-15', 746195.00, 'cancelada', NULL, NULL),
(130, 1, '130', '2024-10-03', 74503.00, 'pagada', NULL, NULL),
(131, 4, '131', '2024-03-10', 395256.00, 'pagada', NULL, NULL),
(132, 9, '132', '2024-06-22', 702316.00, 'cancelada', NULL, NULL),
(133, 4, '133', '2024-05-18', 517130.00, 'pagada', NULL, NULL),
(134, 1, '134', '2024-10-17', 628217.00, 'pendiente', NULL, NULL),
(135, 6, '135', '2023-09-11', 692344.00, 'pendiente', NULL, NULL),
(136, 7, '136', '2023-11-04', 852364.00, 'pendiente', NULL, NULL),
(137, 2, '137', '2024-06-18', 80372.00, 'pagada', NULL, NULL),
(138, 2, '138', '2024-01-17', 75334.00, 'cancelada', NULL, NULL),
(139, 10, '139', '2023-10-18', 592405.00, 'cancelada', NULL, NULL),
(140, 1, '140', '2024-02-18', 549314.00, 'pendiente', NULL, NULL),
(141, 3, '141', '2024-05-19', 310653.00, 'pendiente', NULL, NULL),
(142, 7, '142', '2024-11-24', 353216.00, 'cancelada', NULL, NULL),
(143, 2, '143', '2024-02-05', 483181.00, 'pendiente', NULL, NULL),
(144, 8, '144', '2023-12-08', 642271.00, 'cancelada', NULL, NULL),
(145, 10, '145', '2024-06-16', 667473.00, 'pagada', NULL, NULL),
(146, 3, '146', '2023-12-22', 814551.00, 'pendiente', NULL, NULL),
(147, 1, '147', '2024-10-26', 992023.00, 'pagada', NULL, NULL),
(148, 3, '148', '2024-04-24', 422631.00, 'cancelada', NULL, NULL),
(149, 6, '149', '2024-08-17', 465243.00, 'pagada', NULL, NULL),
(150, 5, '150', '2024-02-25', 42994.00, 'pagada', NULL, NULL),
(151, 9, '151', '2024-06-16', 426266.00, 'pendiente', NULL, NULL),
(152, 1, '152', '2024-04-14', 230276.00, 'pagada', NULL, NULL),
(153, 3, '153', '2024-06-01', 25333.00, 'cancelada', NULL, NULL),
(154, 9, '154', '2024-01-07', 351501.00, 'pendiente', NULL, NULL),
(155, 5, '155', '2024-04-25', 772220.00, 'cancelada', NULL, NULL),
(156, 8, '156', '2024-06-10', 307808.00, 'pendiente', NULL, NULL),
(157, 4, '157', '2024-04-07', 886223.00, 'pendiente', NULL, NULL),
(158, 2, '158', '2024-09-25', 498989.00, 'cancelada', NULL, NULL),
(159, 2, '159', '2024-04-13', 360887.00, 'cancelada', NULL, NULL),
(160, 1, '160', '2024-06-22', 672360.00, 'pagada', NULL, NULL),
(161, 5, '161', '2024-08-07', 331250.00, 'pagada', NULL, NULL),
(162, 9, '162', '2024-01-21', 26322.00, 'pagada', NULL, NULL),
(163, 3, '163', '2023-10-01', 132317.00, 'pagada', NULL, NULL),
(164, 3, '164', '2023-12-05', 780521.00, 'cancelada', NULL, NULL),
(165, 4, '165', '2024-06-02', 503027.00, 'pagada', NULL, NULL),
(166, 9, '166', '2023-11-18', 161601.00, 'pagada', NULL, NULL),
(167, 2, '167', '2024-03-24', 255979.00, 'pendiente', NULL, NULL),
(168, 6, '168', '2024-03-11', 824321.00, 'cancelada', NULL, NULL),
(169, 9, '169', '2024-10-27', 474442.00, 'cancelada', NULL, NULL),
(170, 3, '170', '2024-11-09', 832588.00, 'pagada', NULL, NULL),
(171, 8, '171', '2024-07-29', 244411.00, 'pendiente', NULL, NULL),
(172, 3, '172', '2024-06-16', 950029.00, 'pendiente', NULL, NULL),
(173, 6, '173', '2024-03-03', 423589.00, 'pendiente', NULL, NULL),
(174, 9, '174', '2023-09-05', 138498.00, 'cancelada', NULL, NULL),
(175, 2, '175', '2024-05-08', 416741.00, 'cancelada', NULL, NULL),
(176, 7, '176', '2024-11-16', 256813.00, 'cancelada', NULL, NULL),
(177, 5, '177', '2024-01-04', 7692.00, 'pagada', NULL, NULL),
(178, 10, '178', '2024-09-06', 99136.00, 'cancelada', NULL, NULL),
(179, 1, '179', '2023-11-18', 347567.00, 'pendiente', NULL, NULL),
(180, 1, '180', '2024-07-04', 736388.00, 'pagada', NULL, NULL),
(181, 8, '181', '2024-05-07', 909469.00, 'pendiente', NULL, NULL),
(182, 6, '182', '2024-11-10', 266647.00, 'pendiente', NULL, NULL),
(183, 9, '183', '2023-12-10', 102321.00, 'pendiente', NULL, NULL),
(184, 5, '184', '2024-08-28', 995902.00, 'pendiente', NULL, NULL),
(185, 2, '185', '2024-01-27', 265311.00, 'pagada', NULL, NULL),
(186, 6, '186', '2024-10-11', 643871.00, 'pagada', NULL, NULL),
(187, 5, '187', '2023-11-09', 390277.00, 'pendiente', NULL, NULL),
(188, 4, '188', '2024-04-05', 36194.00, 'pagada', NULL, NULL),
(189, 1, '189', '2023-11-20', 498850.00, 'pagada', NULL, NULL),
(190, 8, '190', '2024-07-25', 970946.00, 'pendiente', NULL, NULL),
(191, 10, '191', '2024-10-15', 449781.00, 'cancelada', NULL, NULL),
(192, 4, '192', '2023-12-02', 157052.00, 'cancelada', NULL, NULL),
(193, 10, '193', '2024-11-24', 994551.00, 'pagada', NULL, NULL),
(194, 2, '194', '2024-01-24', 2980.00, 'pendiente', NULL, NULL),
(195, 8, '195', '2024-03-25', 157078.00, 'cancelada', NULL, NULL),
(196, 7, '196', '2024-09-19', 337619.00, 'pendiente', NULL, NULL),
(197, 8, '197', '2024-08-22', 786582.00, 'pagada', NULL, NULL),
(198, 3, '198', '2024-09-17', 408442.00, 'pendiente', NULL, NULL),
(199, 1, '199', '2024-10-15', 354826.00, 'pagada', NULL, NULL),
(200, 3, '200', '2024-10-22', 931440.00, 'pagada', NULL, NULL),
(201, 2, '201', '2024-10-12', 231938.00, 'cancelada', NULL, NULL),
(202, 10, '202', '2024-03-03', 294058.00, 'pendiente', NULL, NULL),
(203, 2, '203', '2024-06-04', 114865.00, 'cancelada', NULL, NULL),
(204, 9, '204', '2023-12-04', 611959.00, 'pagada', NULL, NULL),
(205, 4, '205', '2024-08-05', 209667.00, 'cancelada', NULL, NULL),
(206, 8, '206', '2024-08-19', 935737.00, 'pendiente', NULL, NULL),
(207, 9, '207', '2023-11-12', 390077.00, 'cancelada', NULL, NULL),
(208, 3, '208', '2024-03-20', 488042.00, 'cancelada', NULL, NULL),
(209, 6, '209', '2024-08-25', 485391.00, 'pagada', NULL, NULL),
(210, 9, '210', '2024-09-27', 779157.00, 'cancelada', NULL, NULL),
(211, 2, '211', '2024-01-02', 434364.00, 'cancelada', NULL, NULL),
(212, 7, '212', '2024-07-27', 804829.00, 'pendiente', NULL, NULL),
(213, 5, '213', '2024-06-11', 240418.00, 'pagada', NULL, NULL),
(214, 6, '214', '2023-09-23', 825245.00, 'cancelada', NULL, NULL),
(215, 4, '215', '2024-04-28', 185369.00, 'pagada', NULL, NULL),
(216, 6, '216', '2024-04-02', 484427.00, 'cancelada', NULL, NULL),
(217, 9, '217', '2023-10-02', 708487.00, 'cancelada', NULL, NULL),
(218, 3, '218', '2024-07-24', 608459.00, 'cancelada', NULL, NULL),
(219, 8, '219', '2024-01-21', 801271.00, 'pendiente', NULL, NULL),
(220, 10, '220', '2023-10-24', 389664.00, 'pendiente', NULL, NULL),
(221, 1, '221', '2024-11-25', 957818.00, 'pendiente', NULL, NULL),
(222, 2, '222', '2024-05-31', 507354.00, 'cancelada', NULL, NULL),
(223, 5, '223', '2024-05-01', 747182.00, 'cancelada', NULL, NULL),
(224, 8, '224', '2023-11-24', 340063.00, 'pendiente', NULL, NULL),
(225, 4, '225', '2024-07-21', 807734.00, 'cancelada', NULL, NULL),
(226, 6, '226', '2024-07-19', 822167.00, 'cancelada', NULL, NULL),
(227, 4, '227', '2023-10-10', 320737.00, 'cancelada', NULL, NULL),
(228, 9, '228', '2024-09-20', 257734.00, 'cancelada', NULL, NULL),
(229, 3, '229', '2024-11-24', 893794.00, 'pagada', NULL, NULL),
(230, 10, '230', '2024-09-19', 980227.00, 'pendiente', NULL, NULL),
(231, 1, '231', '2024-04-12', 450953.00, 'pendiente', NULL, NULL),
(232, 7, '232', '2023-11-12', 288737.00, 'pagada', NULL, NULL),
(233, 1, '233', '2024-10-25', 502110.00, 'pendiente', NULL, NULL),
(234, 8, '234', '2024-04-19', 209240.00, 'pagada', NULL, NULL),
(235, 8, '235', '2023-11-25', 878151.00, 'pagada', NULL, NULL),
(236, 10, '236', '2023-10-07', 840733.00, 'pagada', NULL, NULL),
(237, 3, '237', '2024-03-27', 942741.00, 'pendiente', NULL, NULL),
(238, 7, '238', '2024-05-03', 651825.00, 'cancelada', NULL, NULL),
(239, 3, '239', '2023-12-28', 576244.00, 'cancelada', NULL, NULL),
(240, 8, '240', '2024-07-04', 160862.00, 'pagada', NULL, NULL),
(241, 3, '241', '2023-11-04', 109265.00, 'pagada', NULL, NULL),
(242, 7, '242', '2024-11-18', 738467.00, 'pendiente', NULL, NULL),
(243, 1, '243', '2024-01-14', 906461.00, 'pagada', NULL, NULL),
(244, 1, '244', '2023-12-21', 956660.00, 'cancelada', NULL, NULL),
(245, 5, '245', '2023-09-04', 738075.00, 'pendiente', NULL, NULL),
(246, 5, '246', '2023-11-11', 637508.00, 'pendiente', NULL, NULL),
(247, 4, '247', '2024-04-03', 10335.00, 'cancelada', NULL, NULL),
(248, 6, '248', '2024-03-16', 303941.00, 'cancelada', NULL, NULL),
(249, 7, '249', '2024-04-23', 397730.00, 'pagada', NULL, NULL),
(250, 1, '250', '2023-12-15', 779407.00, 'pagada', NULL, NULL),
(251, 8, '251', '2023-10-04', 544248.00, 'pendiente', NULL, NULL),
(252, 4, '252', '2023-11-16', 816690.00, 'cancelada', NULL, NULL),
(253, 7, '253', '2024-08-03', 657717.00, 'pendiente', NULL, NULL),
(254, 9, '254', '2023-09-18', 118481.00, 'cancelada', NULL, NULL),
(255, 4, '255', '2024-09-14', 781983.00, 'cancelada', NULL, NULL),
(256, 1, '256', '2024-07-26', 79585.00, 'pagada', NULL, NULL),
(257, 4, '257', '2024-04-13', 661272.00, 'pagada', NULL, NULL),
(258, 5, '258', '2023-11-23', 232500.00, 'pagada', NULL, NULL),
(259, 8, '259', '2024-07-22', 456924.00, 'pagada', NULL, NULL),
(260, 2, '260', '2024-01-09', 395486.00, 'cancelada', NULL, NULL),
(261, 4, '261', '2023-12-19', 937569.00, 'pendiente', NULL, NULL),
(262, 6, '262', '2024-07-29', 842494.00, 'pendiente', NULL, NULL),
(263, 5, '263', '2024-01-23', 674937.00, 'pagada', NULL, NULL),
(264, 2, '264', '2024-05-26', 963898.00, 'pendiente', NULL, NULL),
(265, 6, '265', '2023-09-16', 591896.00, 'pendiente', NULL, NULL),
(266, 2, '266', '2023-10-14', 945435.00, 'pendiente', NULL, NULL),
(267, 9, '267', '2023-11-21', 916892.00, 'cancelada', NULL, NULL),
(268, 8, '268', '2024-08-12', 462181.00, 'pagada', NULL, NULL),
(269, 5, '269', '2023-10-25', 465106.00, 'pagada', NULL, NULL),
(270, 1, '270', '2024-03-12', 845191.00, 'cancelada', NULL, NULL),
(271, 4, '271', '2024-11-19', 679134.00, 'cancelada', NULL, NULL),
(272, 2, '272', '2024-02-02', 972939.00, 'pagada', NULL, NULL),
(273, 4, '273', '2024-01-24', 651709.00, 'pagada', NULL, NULL),
(274, 4, '274', '2023-09-06', 380443.00, 'pendiente', NULL, NULL),
(275, 7, '275', '2024-08-14', 261034.00, 'cancelada', NULL, NULL),
(276, 8, '276', '2024-10-15', 888554.00, 'pendiente', NULL, NULL),
(277, 3, '277', '2024-09-14', 942072.00, 'cancelada', NULL, NULL),
(278, 10, '278', '2023-12-03', 477165.00, 'pendiente', NULL, NULL),
(279, 1, '279', '2024-06-13', 747318.00, 'pendiente', NULL, NULL),
(280, 8, '280', '2024-03-12', 607480.00, 'pendiente', NULL, NULL),
(281, 5, '281', '2024-07-31', 650428.00, 'pendiente', NULL, NULL),
(282, 10, '282', '2024-03-24', 413672.00, 'cancelada', NULL, NULL),
(283, 2, '283', '2024-07-17', 416285.00, 'pendiente', NULL, NULL),
(284, 6, '284', '2024-11-23', 159870.00, 'cancelada', NULL, NULL),
(285, 3, '285', '2023-11-21', 821877.00, 'pendiente', NULL, NULL),
(286, 10, '286', '2024-08-03', 968842.00, 'pagada', NULL, NULL),
(287, 8, '287', '2024-07-09', 586770.00, 'cancelada', NULL, NULL),
(288, 3, '288', '2023-12-12', 309208.00, 'pendiente', NULL, NULL),
(289, 1, '289', '2023-12-14', 127111.00, 'pendiente', NULL, NULL),
(290, 1, '290', '2023-10-07', 393657.00, 'cancelada', NULL, NULL),
(291, 9, '291', '2024-05-12', 161114.00, 'pendiente', NULL, NULL),
(292, 7, '292', '2024-10-03', 772636.00, 'cancelada', NULL, NULL),
(293, 10, '293', '2024-06-14', 919389.00, 'pagada', NULL, NULL),
(294, 7, '294', '2024-07-17', 822606.00, 'pagada', NULL, NULL),
(295, 4, '295', '2024-10-20', 487176.00, 'cancelada', NULL, NULL),
(296, 8, '296', '2023-09-16', 431159.00, 'pagada', NULL, NULL),
(297, 2, '297', '2024-08-23', 805246.00, 'pendiente', NULL, NULL),
(298, 8, '298', '2024-07-17', 567720.00, 'pagada', NULL, NULL),
(299, 3, '299', '2024-04-17', 580637.00, 'pagada', NULL, NULL),
(300, 2, '300', '2024-10-22', 652004.00, 'pagada', NULL, NULL),
(301, 8, '301', '2024-04-12', 951514.00, 'pendiente', NULL, NULL),
(302, 2, '302', '2024-11-26', 97446.00, 'cancelada', NULL, NULL),
(303, 7, '303', '2024-02-23', 929035.00, 'pendiente', NULL, NULL),
(304, 6, '304', '2024-11-11', 113491.00, 'cancelada', NULL, NULL),
(305, 8, '305', '2023-09-26', 448725.00, 'pagada', NULL, NULL),
(306, 5, '306', '2024-07-01', 796434.00, 'pagada', NULL, NULL),
(307, 8, '307', '2023-09-12', 829748.00, 'pagada', NULL, NULL),
(308, 8, '308', '2024-08-10', 210515.00, 'cancelada', NULL, NULL),
(309, 2, '309', '2024-02-18', 849676.00, 'pendiente', NULL, NULL),
(310, 10, '310', '2024-02-04', 868531.00, 'pendiente', NULL, NULL),
(311, 6, '311', '2024-10-23', 631310.00, 'pendiente', NULL, NULL),
(312, 1, '312', '2023-11-21', 705859.00, 'pendiente', NULL, NULL),
(313, 9, '313', '2024-06-07', 66615.00, 'cancelada', NULL, NULL),
(314, 5, '314', '2024-03-14', 842538.00, 'cancelada', NULL, NULL),
(315, 6, '315', '2024-02-06', 366318.00, 'cancelada', NULL, NULL),
(316, 6, '316', '2024-01-01', 456237.00, 'pagada', NULL, NULL),
(317, 10, '317', '2024-10-21', 996698.00, 'pendiente', NULL, NULL),
(318, 8, '318', '2023-10-07', 239469.00, 'cancelada', NULL, NULL),
(319, 1, '319', '2024-04-11', 773725.00, 'pendiente', NULL, NULL),
(320, 8, '320', '2024-01-31', 915427.00, 'cancelada', NULL, NULL),
(321, 3, '321', '2024-11-18', 365027.00, 'pendiente', NULL, NULL),
(322, 10, '322', '2024-04-18', 34266.00, 'pendiente', NULL, NULL),
(323, 6, '323', '2023-10-27', 589349.00, 'pagada', NULL, NULL),
(324, 9, '324', '2024-11-09', 419810.00, 'pagada', NULL, NULL),
(325, 4, '325', '2023-09-11', 560552.00, 'pendiente', NULL, NULL),
(326, 1, '326', '2024-01-26', 756892.00, 'pagada', NULL, NULL),
(327, 2, '327', '2024-02-26', 957969.00, 'pendiente', NULL, NULL),
(328, 3, '328', '2024-02-29', 610776.00, 'pendiente', NULL, NULL),
(329, 1, '329', '2024-02-26', 724805.00, 'pendiente', NULL, NULL),
(330, 8, '330', '2024-04-18', 777515.00, 'cancelada', NULL, NULL),
(331, 9, '331', '2023-10-04', 343419.00, 'cancelada', NULL, NULL),
(332, 8, '332', '2023-10-14', 610121.00, 'pendiente', NULL, NULL),
(333, 2, '333', '2024-09-04', 743040.00, 'pagada', NULL, NULL),
(334, 7, '334', '2024-06-04', 580222.00, 'pagada', NULL, NULL),
(335, 3, '335', '2023-10-15', 607895.00, 'cancelada', NULL, NULL),
(336, 6, '336', '2024-07-12', 483135.00, 'cancelada', NULL, NULL),
(337, 7, '337', '2024-06-26', 668391.00, 'pendiente', NULL, NULL),
(338, 9, '338', '2024-11-10', 527340.00, 'cancelada', NULL, NULL),
(339, 6, '339', '2024-08-01', 995681.00, 'pendiente', NULL, NULL),
(340, 1, '340', '2023-09-03', 84564.00, 'pagada', NULL, NULL),
(341, 7, '341', '2023-10-14', 829033.00, 'pagada', NULL, NULL),
(342, 10, '342', '2024-08-28', 239783.00, 'pendiente', NULL, NULL),
(343, 8, '343', '2024-06-12', 311821.00, 'pagada', NULL, NULL),
(344, 10, '344', '2024-08-02', 403313.00, 'pagada', NULL, NULL),
(345, 7, '345', '2024-09-04', 94366.00, 'pendiente', NULL, NULL),
(346, 9, '346', '2024-04-25', 649203.00, 'cancelada', NULL, NULL),
(347, 5, '347', '2024-11-04', 915785.00, 'pagada', NULL, NULL),
(348, 1, '348', '2024-03-29', 933142.00, 'pagada', NULL, NULL),
(349, 9, '349', '2024-10-24', 474631.00, 'pendiente', NULL, NULL),
(350, 2, '350', '2024-05-29', 169415.00, 'cancelada', NULL, NULL),
(351, 8, '351', '2024-06-02', 793887.00, 'pendiente', NULL, NULL),
(352, 3, '352', '2024-05-23', 468163.00, 'pagada', NULL, NULL),
(353, 4, '353', '2023-10-20', 868910.00, 'pendiente', NULL, NULL),
(354, 3, '354', '2024-10-27', 393758.00, 'cancelada', NULL, NULL),
(355, 9, '355', '2024-01-18', 31429.00, 'cancelada', NULL, NULL),
(356, 6, '356', '2024-02-27', 430456.00, 'cancelada', NULL, NULL),
(357, 7, '357', '2024-08-29', 988034.00, 'cancelada', NULL, NULL),
(358, 5, '358', '2024-01-08', 939751.00, 'cancelada', NULL, NULL),
(359, 5, '359', '2024-07-13', 797639.00, 'cancelada', NULL, NULL),
(360, 7, '360', '2024-09-13', 629153.00, 'cancelada', NULL, NULL),
(361, 8, '361', '2024-03-17', 50696.00, 'pendiente', NULL, NULL),
(362, 1, '362', '2024-03-20', 549030.00, 'cancelada', NULL, NULL),
(363, 1, '363', '2023-09-21', 756459.00, 'cancelada', NULL, NULL),
(364, 1, '364', '2024-10-12', 223752.00, 'cancelada', NULL, NULL),
(365, 3, '365', '2024-03-28', 623023.00, 'pagada', NULL, NULL),
(366, 3, '366', '2023-11-11', 629011.00, 'cancelada', NULL, NULL),
(367, 10, '367', '2024-09-30', 111513.00, 'pagada', NULL, NULL),
(368, 10, '368', '2023-10-31', 459885.00, 'pagada', NULL, NULL),
(369, 2, '369', '2024-06-11', 323490.00, 'cancelada', NULL, NULL),
(370, 5, '370', '2023-09-05', 64704.00, 'pagada', NULL, NULL),
(371, 5, '371', '2024-11-19', 645156.00, 'pagada', NULL, NULL),
(372, 8, '372', '2024-05-27', 769780.00, 'pendiente', NULL, NULL),
(373, 8, '373', '2024-01-20', 787712.00, 'pendiente', NULL, NULL),
(374, 2, '374', '2023-12-18', 819065.00, 'pagada', NULL, NULL),
(375, 4, '375', '2023-09-04', 739625.00, 'pagada', NULL, NULL),
(376, 10, '376', '2023-09-02', 469866.00, 'cancelada', NULL, NULL),
(377, 10, '377', '2024-05-21', 984700.00, 'pagada', NULL, NULL),
(378, 6, '378', '2024-07-12', 664891.00, 'pendiente', NULL, NULL),
(379, 3, '379', '2024-06-06', 677079.00, 'pagada', NULL, NULL),
(380, 3, '380', '2024-08-27', 308987.00, 'cancelada', NULL, NULL),
(381, 8, '381', '2024-05-30', 9328.00, 'cancelada', NULL, NULL),
(382, 9, '382', '2024-04-26', 950455.00, 'pagada', NULL, NULL),
(383, 9, '383', '2024-07-14', 233964.00, 'pendiente', NULL, NULL),
(384, 8, '384', '2024-05-16', 614289.00, 'pendiente', NULL, NULL),
(385, 5, '385', '2024-10-21', 288422.00, 'cancelada', NULL, NULL),
(386, 10, '386', '2024-09-13', 585166.00, 'cancelada', NULL, NULL),
(387, 10, '387', '2024-02-24', 289564.00, 'pendiente', NULL, NULL),
(388, 3, '388', '2024-11-14', 128597.00, 'cancelada', NULL, NULL),
(389, 8, '389', '2024-08-09', 375692.00, 'pendiente', NULL, NULL),
(390, 7, '390', '2024-08-30', 650393.00, 'cancelada', NULL, NULL),
(391, 6, '391', '2024-09-23', 213925.00, 'cancelada', NULL, NULL),
(392, 7, '392', '2024-07-04', 829441.00, 'cancelada', NULL, NULL),
(393, 5, '393', '2023-09-14', 866407.00, 'pagada', NULL, NULL),
(394, 10, '394', '2024-01-03', 26678.00, 'cancelada', NULL, NULL),
(395, 8, '395', '2024-06-14', 5832.00, 'pagada', NULL, NULL),
(396, 8, '396', '2024-10-23', 675403.00, 'pagada', NULL, NULL),
(397, 9, '397', '2024-01-11', 774792.00, 'cancelada', NULL, NULL),
(398, 7, '398', '2023-11-17', 608041.00, 'pendiente', NULL, NULL),
(399, 1, '399', '2023-10-16', 137884.00, 'pendiente', NULL, NULL),
(400, 10, '400', '2023-10-12', 562727.00, 'pendiente', NULL, NULL),
(401, 2, '401', '2023-12-07', 802919.00, 'cancelada', NULL, NULL),
(402, 10, '402', '2024-06-26', 353340.00, 'cancelada', NULL, NULL),
(403, 8, '403', '2024-11-14', 704629.00, 'cancelada', NULL, NULL),
(404, 2, '404', '2023-10-16', 820519.00, 'pendiente', NULL, NULL),
(405, 1, '405', '2024-01-11', 874389.00, 'cancelada', NULL, NULL),
(406, 1, '406', '2023-11-04', 82867.00, 'pendiente', NULL, NULL),
(407, 5, '407', '2024-10-11', 576244.00, 'cancelada', NULL, NULL),
(408, 5, '408', '2023-11-28', 430747.00, 'pendiente', NULL, NULL),
(409, 7, '409', '2024-03-16', 469394.00, 'pagada', NULL, NULL),
(410, 9, '410', '2024-07-20', 249463.00, 'pagada', NULL, NULL),
(411, 2, '411', '2024-08-21', 628310.00, 'pagada', NULL, NULL),
(412, 10, '412', '2024-05-09', 436441.00, 'pendiente', NULL, NULL),
(413, 3, '413', '2024-04-06', 990488.00, 'pagada', NULL, NULL),
(414, 1, '414', '2024-05-07', 902841.00, 'pendiente', NULL, NULL),
(415, 1, '415', '2024-08-06', 711203.00, 'pendiente', NULL, NULL),
(416, 10, '416', '2024-05-17', 773899.00, 'pagada', NULL, NULL),
(417, 6, '417', '2024-06-26', 666623.00, 'pagada', NULL, NULL),
(418, 9, '418', '2024-06-07', 283691.00, 'pagada', NULL, NULL),
(419, 2, '419', '2024-01-25', 613024.00, 'pagada', NULL, NULL),
(420, 1, '420', '2024-04-14', 835383.00, 'pendiente', NULL, NULL),
(421, 9, '421', '2023-10-27', 735967.00, 'pagada', NULL, NULL),
(422, 4, '422', '2024-04-22', 213947.00, 'pendiente', NULL, NULL),
(423, 2, '423', '2024-01-04', 38009.00, 'pendiente', NULL, NULL),
(424, 7, '424', '2024-09-27', 54464.00, 'cancelada', NULL, NULL),
(425, 6, '425', '2024-09-22', 959176.00, 'pendiente', NULL, NULL),
(426, 2, '426', '2024-05-30', 434781.00, 'pagada', NULL, NULL),
(427, 10, '427', '2024-03-08', 578570.00, 'pendiente', NULL, NULL),
(428, 7, '428', '2023-09-22', 813552.00, 'pagada', NULL, NULL),
(429, 5, '429', '2023-09-18', 341972.00, 'cancelada', NULL, NULL),
(430, 7, '430', '2024-06-13', 701692.00, 'pagada', NULL, NULL),
(431, 7, '431', '2024-08-15', 614856.00, 'cancelada', NULL, NULL),
(432, 6, '432', '2024-02-18', 529290.00, 'pagada', NULL, NULL),
(433, 2, '433', '2024-08-03', 701508.00, 'cancelada', NULL, NULL),
(434, 3, '434', '2024-05-01', 790149.00, 'pendiente', NULL, NULL),
(435, 2, '435', '2024-01-14', 965418.00, 'pendiente', NULL, NULL),
(436, 8, '436', '2024-05-29', 851860.00, 'pendiente', NULL, NULL),
(437, 2, '437', '2023-11-14', 491567.00, 'pendiente', NULL, NULL),
(438, 4, '438', '2024-07-29', 34433.00, 'cancelada', NULL, NULL),
(439, 1, '439', '2023-10-07', 245152.00, 'pendiente', NULL, NULL),
(440, 8, '440', '2024-08-31', 697203.00, 'pagada', NULL, NULL),
(441, 10, '441', '2024-05-14', 530242.00, 'pendiente', NULL, NULL),
(442, 7, '442', '2024-05-12', 105149.00, 'pagada', NULL, NULL),
(443, 7, '443', '2024-05-18', 982988.00, 'pagada', NULL, NULL),
(444, 3, '444', '2024-11-08', 946799.00, 'cancelada', NULL, NULL),
(445, 1, '445', '2023-12-10', 453611.00, 'pendiente', NULL, NULL),
(446, 6, '446', '2024-09-10', 776227.00, 'pagada', NULL, NULL),
(447, 7, '447', '2024-05-27', 660725.00, 'cancelada', NULL, NULL),
(448, 3, '448', '2023-09-03', 986848.00, 'cancelada', NULL, NULL),
(449, 6, '449', '2024-04-01', 775842.00, 'pendiente', NULL, NULL),
(450, 10, '450', '2024-04-07', 688671.00, 'cancelada', NULL, NULL),
(451, 1, '451', '2024-05-18', 375203.00, 'pendiente', NULL, NULL),
(452, 5, '452', '2024-09-06', 877729.00, 'pagada', NULL, NULL),
(453, 6, '453', '2023-09-27', 80165.00, 'pagada', NULL, NULL),
(454, 4, '454', '2024-06-29', 488917.00, 'cancelada', NULL, NULL),
(455, 4, '455', '2024-01-04', 299343.00, 'cancelada', NULL, NULL),
(456, 10, '456', '2024-07-24', 977535.00, 'pagada', NULL, NULL),
(457, 8, '457', '2024-07-18', 250867.00, 'cancelada', NULL, NULL),
(458, 1, '458', '2024-01-23', 976116.00, 'pendiente', NULL, NULL),
(459, 5, '459', '2023-09-17', 213900.00, 'cancelada', NULL, NULL),
(460, 7, '460', '2024-05-11', 362767.00, 'cancelada', NULL, NULL),
(461, 6, '461', '2024-06-12', 250569.00, 'pendiente', NULL, NULL),
(462, 6, '462', '2023-09-30', 216737.00, 'cancelada', NULL, NULL),
(463, 4, '463', '2023-09-14', 85592.00, 'pagada', NULL, NULL),
(464, 9, '464', '2024-07-11', 853749.00, 'pagada', NULL, NULL),
(465, 7, '465', '2024-01-27', 663788.00, 'pendiente', NULL, NULL),
(466, 6, '466', '2024-06-03', 992809.00, 'pagada', NULL, NULL),
(467, 8, '467', '2023-11-29', 140775.00, 'cancelada', NULL, NULL),
(468, 4, '468', '2024-10-11', 632807.00, 'cancelada', NULL, NULL),
(469, 2, '469', '2024-06-04', 417951.00, 'pagada', NULL, NULL),
(470, 1, '470', '2024-05-31', 576663.00, 'cancelada', NULL, NULL),
(471, 10, '471', '2024-05-30', 144475.00, 'cancelada', NULL, NULL),
(472, 2, '472', '2023-11-30', 580640.00, 'pendiente', NULL, NULL),
(473, 7, '473', '2024-01-07', 456879.00, 'cancelada', NULL, NULL),
(474, 7, '474', '2024-11-11', 720488.00, 'cancelada', NULL, NULL),
(475, 5, '475', '2024-04-25', 231661.00, 'pendiente', NULL, NULL),
(476, 7, '476', '2024-10-31', 542579.00, 'pendiente', NULL, NULL),
(477, 4, '477', '2024-11-20', 781714.00, 'pendiente', NULL, NULL),
(478, 10, '478', '2023-11-04', 162223.00, 'pagada', NULL, NULL),
(479, 9, '479', '2024-10-25', 886252.00, 'pagada', NULL, NULL),
(480, 2, '480', '2024-11-21', 2823.00, 'pagada', NULL, NULL),
(481, 4, '481', '2024-06-28', 333657.00, 'pagada', NULL, NULL),
(482, 4, '482', '2023-12-22', 344232.00, 'cancelada', NULL, NULL),
(483, 7, '483', '2023-12-14', 382934.00, 'pendiente', NULL, NULL),
(484, 8, '484', '2024-03-17', 432976.00, 'pagada', NULL, NULL),
(485, 3, '485', '2024-06-29', 795502.00, 'pagada', NULL, NULL),
(486, 4, '486', '2024-07-27', 763581.00, 'pendiente', NULL, NULL),
(487, 1, '487', '2023-11-27', 350057.00, 'pendiente', NULL, NULL),
(488, 5, '488', '2024-10-21', 61403.00, 'pendiente', NULL, NULL),
(489, 8, '489', '2023-09-13', 867105.00, 'cancelada', NULL, NULL),
(490, 3, '490', '2024-03-29', 749244.00, 'pendiente', NULL, NULL),
(491, 4, '491', '2024-04-25', 552150.00, 'cancelada', NULL, NULL),
(492, 7, '492', '2024-04-13', 819548.00, 'pagada', NULL, NULL),
(493, 4, '493', '2024-02-12', 15277.00, 'pagada', NULL, NULL),
(494, 9, '494', '2023-11-13', 15235.00, 'pendiente', NULL, NULL),
(495, 7, '495', '2024-10-30', 574473.00, 'cancelada', NULL, NULL),
(496, 6, '496', '2023-11-07', 136931.00, 'pendiente', NULL, NULL),
(497, 2, '497', '2024-09-01', 571120.00, 'pagada', NULL, NULL),
(498, 2, '498', '2024-01-04', 963244.00, 'cancelada', NULL, NULL),
(499, 7, '499', '2024-10-19', 456237.00, 'pagada', NULL, NULL),
(500, 10, '500', '2024-10-22', 99787.00, 'pagada', NULL, NULL),
(501, 4, '501', '2024-07-15', 463040.00, 'cancelada', NULL, NULL),
(502, 2, '502', '2023-11-05', 57426.00, 'pendiente', NULL, NULL),
(503, 3, '503', '2023-10-04', 421218.00, 'pendiente', NULL, NULL),
(504, 9, '504', '2023-09-26', 234318.00, 'pendiente', NULL, NULL),
(505, 8, '505', '2024-01-15', 407528.00, 'cancelada', NULL, NULL),
(506, 7, '506', '2024-02-19', 758570.00, 'pendiente', NULL, NULL),
(507, 4, '507', '2024-07-05', 441425.00, 'pendiente', NULL, NULL),
(508, 2, '508', '2023-10-26', 889551.00, 'pendiente', NULL, NULL),
(509, 3, '509', '2024-08-09', 861280.00, 'pagada', NULL, NULL),
(510, 5, '510', '2024-01-08', 36422.00, 'pagada', NULL, NULL),
(511, 9, '511', '2024-05-05', 651473.00, 'pagada', NULL, NULL),
(512, 3, '512', '2024-01-23', 763144.00, 'pendiente', NULL, NULL),
(513, 5, '513', '2024-11-17', 700090.00, 'cancelada', NULL, NULL),
(514, 1, '514', '2023-11-21', 806124.00, 'pendiente', NULL, NULL),
(515, 6, '515', '2024-02-06', 973853.00, 'pendiente', NULL, NULL),
(516, 8, '516', '2024-05-31', 986742.00, 'pendiente', NULL, NULL),
(517, 7, '517', '2024-10-22', 341415.00, 'cancelada', NULL, NULL),
(518, 9, '518', '2024-02-16', 354336.00, 'pendiente', NULL, NULL),
(519, 2, '519', '2023-10-25', 707705.00, 'cancelada', NULL, NULL),
(520, 4, '520', '2023-10-26', 884960.00, 'pendiente', NULL, NULL),
(521, 1, '521', '2024-10-30', 27673.00, 'cancelada', NULL, NULL),
(522, 5, '522', '2024-08-27', 399235.00, 'pagada', NULL, NULL),
(523, 4, '523', '2024-08-27', 342273.00, 'pagada', NULL, NULL),
(524, 3, '524', '2024-06-30', 143196.00, 'pagada', NULL, NULL),
(525, 3, '525', '2024-02-15', 602398.00, 'cancelada', NULL, NULL),
(526, 1, '526', '2024-03-01', 56337.00, 'pagada', NULL, NULL),
(527, 8, '527', '2023-09-06', 878812.00, 'pagada', NULL, NULL),
(528, 1, '528', '2024-11-19', 975932.00, 'cancelada', NULL, NULL),
(529, 4, '529', '2024-08-09', 449807.00, 'cancelada', NULL, NULL),
(530, 4, '530', '2024-11-19', 834294.00, 'pendiente', NULL, NULL),
(531, 9, '531', '2024-05-29', 541896.00, 'pagada', NULL, NULL),
(532, 7, '532', '2024-10-10', 769842.00, 'pagada', NULL, NULL),
(533, 8, '533', '2024-11-24', 293328.00, 'cancelada', NULL, NULL),
(534, 6, '534', '2024-08-03', 488949.00, 'cancelada', NULL, NULL),
(535, 3, '535', '2024-10-07', 674793.00, 'pendiente', NULL, NULL),
(536, 1, '536', '2024-02-14', 43376.00, 'pendiente', NULL, NULL),
(537, 3, '537', '2024-06-21', 199591.00, 'pendiente', NULL, NULL),
(538, 3, '538', '2023-10-18', 955745.00, 'pendiente', NULL, NULL),
(539, 7, '539', '2024-08-16', 864355.00, 'pendiente', NULL, NULL),
(540, 3, '540', '2024-11-15', 126711.00, 'pendiente', NULL, NULL),
(541, 6, '541', '2024-06-09', 840758.00, 'pendiente', NULL, NULL),
(542, 9, '542', '2024-07-02', 939227.00, 'cancelada', NULL, NULL),
(543, 2, '543', '2024-11-25', 325115.00, 'pagada', NULL, NULL),
(544, 1, '544', '2023-10-23', 23811.00, 'cancelada', NULL, NULL),
(545, 1, '545', '2023-10-17', 156780.00, 'pagada', NULL, NULL),
(546, 2, '546', '2023-09-24', 229835.00, 'pagada', NULL, NULL),
(547, 3, '547', '2024-01-26', 603527.00, 'pagada', NULL, NULL),
(548, 3, '548', '2023-10-08', 522418.00, 'cancelada', NULL, NULL),
(549, 10, '549', '2023-12-15', 812807.00, 'cancelada', NULL, NULL),
(550, 4, '550', '2024-07-08', 406834.00, 'cancelada', NULL, NULL),
(551, 2, '551', '2024-04-14', 719716.00, 'cancelada', NULL, NULL),
(552, 2, '552', '2024-08-16', 155540.00, 'pendiente', NULL, NULL),
(553, 4, '553', '2024-01-30', 661338.00, 'pagada', NULL, NULL),
(554, 4, '554', '2023-11-05', 416393.00, 'pendiente', NULL, NULL),
(555, 10, '555', '2024-04-06', 472208.00, 'cancelada', NULL, NULL),
(556, 2, '556', '2024-03-23', 27473.00, 'cancelada', NULL, NULL),
(557, 3, '557', '2024-10-01', 369933.00, 'cancelada', NULL, NULL),
(558, 2, '558', '2024-09-28', 764033.00, 'cancelada', NULL, NULL),
(559, 6, '559', '2024-03-31', 606992.00, 'pendiente', NULL, NULL),
(560, 3, '560', '2024-06-27', 391515.00, 'pagada', NULL, NULL),
(561, 9, '561', '2023-09-24', 997132.00, 'pendiente', NULL, NULL),
(562, 4, '562', '2024-03-05', 704680.00, 'cancelada', NULL, NULL),
(563, 5, '563', '2024-08-12', 262874.00, 'pendiente', NULL, NULL),
(564, 2, '564', '2024-03-20', 130330.00, 'pagada', NULL, NULL),
(565, 4, '565', '2023-09-29', 907597.00, 'pendiente', NULL, NULL),
(566, 7, '566', '2024-03-15', 302524.00, 'pendiente', NULL, NULL),
(567, 7, '567', '2024-10-01', 502305.00, 'pagada', NULL, NULL),
(568, 9, '568', '2023-12-29', 37439.00, 'cancelada', NULL, NULL),
(569, 3, '569', '2023-12-12', 189711.00, 'cancelada', NULL, NULL),
(570, 6, '570', '2024-04-19', 631877.00, 'cancelada', NULL, NULL),
(571, 2, '571', '2023-09-27', 29347.00, 'pendiente', NULL, NULL),
(572, 8, '572', '2024-06-27', 167688.00, 'cancelada', NULL, NULL),
(573, 9, '573', '2023-10-09', 676078.00, 'pendiente', NULL, NULL),
(574, 1, '574', '2024-06-07', 418011.00, 'cancelada', NULL, NULL),
(575, 5, '575', '2023-12-22', 45637.00, 'pendiente', NULL, NULL),
(576, 4, '576', '2024-03-01', 853905.00, 'pagada', NULL, NULL),
(577, 5, '577', '2024-08-09', 616289.00, 'pendiente', NULL, NULL),
(578, 8, '578', '2024-10-24', 494134.00, 'pendiente', NULL, NULL),
(579, 3, '579', '2024-03-06', 130586.00, 'cancelada', NULL, NULL),
(580, 5, '580', '2024-07-25', 428931.00, 'cancelada', NULL, NULL),
(581, 5, '581', '2024-06-03', 33682.00, 'cancelada', NULL, NULL),
(582, 8, '582', '2024-08-30', 175985.00, 'cancelada', NULL, NULL),
(583, 2, '583', '2024-05-26', 868780.00, 'pagada', NULL, NULL),
(584, 5, '584', '2024-08-01', 33152.00, 'cancelada', NULL, NULL),
(585, 4, '585', '2024-05-19', 15258.00, 'cancelada', NULL, NULL),
(586, 5, '586', '2024-08-01', 3392.00, 'pagada', NULL, NULL),
(587, 7, '587', '2023-10-18', 317123.00, 'pendiente', NULL, NULL),
(588, 8, '588', '2023-11-24', 675115.00, 'pagada', NULL, NULL),
(589, 3, '589', '2024-09-02', 188850.00, 'pagada', NULL, NULL),
(590, 9, '590', '2024-02-11', 415955.00, 'pendiente', NULL, NULL),
(591, 3, '591', '2024-03-18', 797148.00, 'pagada', NULL, NULL),
(592, 3, '592', '2024-08-06', 762907.00, 'pagada', NULL, NULL),
(593, 5, '593', '2023-09-17', 29599.00, 'cancelada', NULL, NULL),
(594, 1, '594', '2024-10-20', 717907.00, 'pagada', NULL, NULL),
(595, 1, '595', '2024-07-16', 385839.00, 'pagada', NULL, NULL),
(596, 2, '596', '2023-12-11', 816863.00, 'pendiente', NULL, NULL),
(597, 6, '597', '2024-03-09', 498431.00, 'pendiente', NULL, NULL),
(598, 4, '598', '2023-12-26', 841017.00, 'pagada', NULL, NULL),
(599, 2, '599', '2024-03-15', 392239.00, 'cancelada', NULL, NULL),
(600, 8, '600', '2023-10-23', 870778.00, 'pagada', NULL, NULL),
(601, 6, '601', '2024-04-09', 686079.00, 'pagada', NULL, NULL),
(602, 8, '602', '2024-11-01', 163530.00, 'pagada', NULL, NULL),
(603, 8, '603', '2023-09-14', 7442.00, 'cancelada', NULL, NULL),
(604, 5, '604', '2023-10-04', 426907.00, 'pagada', NULL, NULL),
(605, 8, '605', '2023-09-15', 900024.00, 'cancelada', NULL, NULL),
(606, 4, '606', '2024-05-28', 97132.00, 'cancelada', NULL, NULL),
(607, 10, '607', '2023-12-30', 743673.00, 'pendiente', NULL, NULL),
(608, 4, '608', '2024-07-04', 105869.00, 'pendiente', NULL, NULL),
(609, 6, '609', '2023-09-23', 447582.00, 'pagada', NULL, NULL),
(610, 3, '610', '2024-06-19', 100219.00, 'cancelada', NULL, NULL),
(611, 10, '611', '2023-11-29', 155126.00, 'cancelada', NULL, NULL),
(612, 9, '612', '2024-05-06', 988236.00, 'pagada', NULL, NULL),
(613, 2, '613', '2024-02-09', 515531.00, 'pagada', NULL, NULL),
(614, 9, '614', '2024-09-20', 286627.00, 'pendiente', NULL, NULL),
(615, 6, '615', '2024-08-07', 195958.00, 'pagada', NULL, NULL),
(616, 2, '616', '2023-09-08', 75468.00, 'pagada', NULL, NULL),
(617, 9, '617', '2024-03-25', 627506.00, 'cancelada', NULL, NULL),
(618, 10, '618', '2024-01-25', 236140.00, 'pagada', NULL, NULL),
(619, 1, '619', '2023-09-29', 475213.00, 'pendiente', NULL, NULL),
(620, 6, '620', '2024-10-29', 116308.00, 'pagada', NULL, NULL),
(621, 7, '621', '2024-04-04', 952035.00, 'pendiente', NULL, NULL),
(622, 3, '622', '2024-10-05', 750857.00, 'pagada', NULL, NULL),
(623, 5, '623', '2024-10-30', 154466.00, 'pendiente', NULL, NULL),
(624, 2, '624', '2024-07-09', 722911.00, 'pendiente', NULL, NULL),
(625, 5, '625', '2024-03-11', 298311.00, 'pagada', NULL, NULL),
(626, 2, '626', '2024-05-02', 748985.00, 'pendiente', NULL, NULL),
(627, 4, '627', '2024-06-20', 248520.00, 'cancelada', NULL, NULL),
(628, 7, '628', '2023-11-23', 459752.00, 'pagada', NULL, NULL),
(629, 8, '629', '2023-10-31', 601896.00, 'cancelada', NULL, NULL),
(630, 10, '630', '2023-09-02', 180866.00, 'pendiente', NULL, NULL),
(631, 5, '631', '2024-04-07', 774025.00, 'cancelada', NULL, NULL),
(632, 1, '632', '2023-09-23', 23852.00, 'pendiente', NULL, NULL),
(633, 9, '633', '2024-01-20', 636584.00, 'pagada', NULL, NULL),
(634, 2, '634', '2024-04-02', 895428.00, 'pagada', NULL, NULL),
(635, 8, '635', '2023-09-16', 146783.00, 'pagada', NULL, NULL),
(636, 7, '636', '2024-07-26', 820522.00, 'cancelada', NULL, NULL),
(637, 7, '637', '2024-02-03', 229947.00, 'pendiente', NULL, NULL),
(638, 6, '638', '2023-10-15', 952960.00, 'pendiente', NULL, NULL),
(639, 7, '639', '2024-02-21', 818331.00, 'pagada', NULL, NULL),
(640, 3, '640', '2024-11-18', 254062.00, 'cancelada', NULL, NULL),
(641, 6, '641', '2023-09-08', 215237.00, 'cancelada', NULL, NULL),
(642, 2, '642', '2024-11-01', 564651.00, 'pendiente', NULL, NULL),
(643, 9, '643', '2024-05-01', 327821.00, 'cancelada', NULL, NULL),
(644, 6, '644', '2024-08-04', 540036.00, 'cancelada', NULL, NULL),
(645, 2, '645', '2024-02-21', 161066.00, 'cancelada', NULL, NULL),
(646, 9, '646', '2023-11-21', 763121.00, 'pendiente', NULL, NULL),
(647, 3, '647', '2024-05-05', 23245.00, 'pendiente', NULL, NULL),
(648, 10, '648', '2024-09-10', 804737.00, 'pendiente', NULL, NULL),
(649, 7, '649', '2023-10-20', 711440.00, 'pagada', NULL, NULL),
(650, 1, '650', '2024-08-29', 37085.00, 'pagada', NULL, NULL),
(651, 10, '651', '2023-09-23', 67917.00, 'pagada', NULL, NULL),
(652, 6, '652', '2024-04-25', 703644.00, 'pendiente', NULL, NULL),
(653, 9, '653', '2023-09-18', 525079.00, 'cancelada', NULL, NULL),
(654, 2, '654', '2023-10-30', 805025.00, 'cancelada', NULL, NULL),
(655, 10, '655', '2024-11-29', 849187.00, 'pagada', NULL, NULL),
(656, 9, '656', '2024-09-24', 796978.00, 'pagada', NULL, NULL),
(657, 7, '657', '2023-12-10', 726487.00, 'cancelada', NULL, NULL),
(658, 4, '658', '2024-03-08', 749457.00, 'pendiente', NULL, NULL),
(659, 6, '659', '2023-12-04', 779894.00, 'cancelada', NULL, NULL),
(660, 6, '660', '2024-09-10', 886783.00, 'pagada', NULL, NULL),
(661, 2, '661', '2024-05-10', 567427.00, 'pagada', NULL, NULL),
(662, 1, '662', '2024-02-24', 988945.00, 'cancelada', NULL, NULL),
(663, 9, '663', '2024-04-30', 314721.00, 'cancelada', NULL, NULL),
(664, 4, '664', '2023-11-12', 215925.00, 'pendiente', NULL, NULL),
(665, 9, '665', '2024-10-19', 488913.00, 'cancelada', NULL, NULL),
(666, 5, '666', '2023-12-24', 88470.00, 'cancelada', NULL, NULL),
(667, 3, '667', '2024-07-04', 979843.00, 'pagada', NULL, NULL),
(668, 2, '668', '2024-11-20', 42654.00, 'pagada', NULL, NULL),
(669, 1, '669', '2023-10-29', 213482.00, 'pendiente', NULL, NULL),
(670, 7, '670', '2024-03-25', 571495.00, 'cancelada', NULL, NULL),
(671, 1, '671', '2023-09-13', 945253.00, 'cancelada', NULL, NULL),
(672, 1, '672', '2024-04-05', 278066.00, 'cancelada', NULL, NULL),
(673, 1, '673', '2024-06-24', 359128.00, 'cancelada', NULL, NULL),
(674, 5, '674', '2023-12-07', 352415.00, 'pendiente', NULL, NULL),
(675, 10, '675', '2023-11-26', 123497.00, 'pagada', NULL, NULL),
(676, 8, '676', '2024-10-07', 819106.00, 'pendiente', NULL, NULL),
(677, 8, '677', '2024-03-04', 111710.00, 'pagada', NULL, NULL),
(678, 7, '678', '2024-03-31', 935432.00, 'cancelada', NULL, NULL),
(679, 7, '679', '2024-11-11', 735277.00, 'pendiente', NULL, NULL),
(680, 1, '680', '2024-08-25', 39673.00, 'pendiente', NULL, NULL),
(681, 4, '681', '2024-04-15', 917815.00, 'pagada', NULL, NULL),
(682, 7, '682', '2023-12-27', 570836.00, 'cancelada', NULL, NULL),
(683, 10, '683', '2024-01-07', 534342.00, 'cancelada', NULL, NULL),
(684, 8, '684', '2024-01-11', 136028.00, 'pendiente', NULL, NULL),
(685, 7, '685', '2024-06-28', 456901.00, 'pendiente', NULL, NULL),
(686, 7, '686', '2024-03-14', 123634.00, 'cancelada', NULL, NULL),
(687, 10, '687', '2024-06-06', 965785.00, 'cancelada', NULL, NULL),
(688, 5, '688', '2024-08-20', 794934.00, 'pagada', NULL, NULL),
(689, 4, '689', '2024-10-14', 359828.00, 'pagada', NULL, NULL),
(690, 6, '690', '2024-02-11', 697658.00, 'pendiente', NULL, NULL),
(691, 5, '691', '2024-03-24', 626170.00, 'pendiente', NULL, NULL),
(692, 7, '692', '2023-12-21', 920796.00, 'cancelada', NULL, NULL),
(693, 6, '693', '2024-05-02', 213793.00, 'pendiente', NULL, NULL),
(694, 2, '694', '2023-12-11', 554811.00, 'pagada', NULL, NULL),
(695, 4, '695', '2024-08-31', 653968.00, 'cancelada', NULL, NULL),
(696, 7, '696', '2023-12-20', 470501.00, 'cancelada', NULL, NULL),
(697, 7, '697', '2024-03-13', 215177.00, 'pagada', NULL, NULL),
(698, 10, '698', '2024-08-11', 291737.00, 'pagada', NULL, NULL),
(699, 2, '699', '2023-12-30', 27125.00, 'pagada', NULL, NULL),
(700, 1, '700', '2023-09-09', 544946.00, 'cancelada', NULL, NULL),
(701, 5, '701', '2024-08-16', 788970.00, 'cancelada', NULL, NULL),
(702, 3, '702', '2023-09-08', 714225.00, 'pagada', NULL, NULL),
(703, 1, '703', '2024-05-18', 665544.00, 'pagada', NULL, NULL),
(704, 9, '704', '2023-11-09', 915805.00, 'pagada', NULL, NULL),
(705, 10, '705', '2024-10-14', 819272.00, 'cancelada', NULL, NULL),
(706, 3, '706', '2024-10-02', 491781.00, 'pendiente', NULL, NULL),
(707, 1, '707', '2024-07-29', 240697.00, 'cancelada', NULL, NULL),
(708, 2, '708', '2024-02-04', 251912.00, 'cancelada', NULL, NULL),
(709, 4, '709', '2024-09-06', 544480.00, 'pendiente', NULL, NULL),
(710, 1, '710', '2023-12-10', 213091.00, 'pagada', NULL, NULL),
(711, 7, '711', '2024-09-15', 928986.00, 'pendiente', NULL, NULL),
(712, 5, '712', '2024-11-23', 884331.00, 'cancelada', NULL, NULL),
(713, 6, '713', '2023-12-30', 1567.00, 'cancelada', NULL, NULL),
(714, 9, '714', '2024-08-19', 471564.00, 'cancelada', NULL, NULL),
(715, 5, '715', '2024-08-30', 401424.00, 'pagada', NULL, NULL),
(716, 8, '716', '2024-06-18', 563214.00, 'pendiente', NULL, NULL),
(717, 3, '717', '2024-05-16', 405763.00, 'pagada', NULL, NULL),
(718, 8, '718', '2023-10-07', 670910.00, 'pendiente', NULL, NULL),
(719, 2, '719', '2024-02-13', 281933.00, 'pagada', NULL, NULL),
(720, 10, '720', '2024-02-11', 961481.00, 'cancelada', NULL, NULL),
(721, 6, '721', '2023-09-25', 948216.00, 'pendiente', NULL, NULL),
(722, 6, '722', '2024-02-25', 2726.00, 'pagada', NULL, NULL),
(723, 9, '723', '2023-09-04', 716895.00, 'pagada', NULL, NULL),
(724, 3, '724', '2024-05-13', 120682.00, 'cancelada', NULL, NULL),
(725, 10, '725', '2024-06-05', 154427.00, 'cancelada', NULL, NULL),
(726, 10, '726', '2024-04-10', 230831.00, 'pendiente', NULL, NULL),
(727, 2, '727', '2024-10-07', 266293.00, 'pagada', NULL, NULL),
(728, 10, '728', '2024-03-21', 465279.00, 'cancelada', NULL, NULL),
(729, 1, '729', '2024-04-03', 903073.00, 'pagada', NULL, NULL),
(730, 9, '730', '2024-04-21', 815768.00, 'cancelada', NULL, NULL),
(731, 4, '731', '2024-11-16', 926170.00, 'pendiente', NULL, NULL),
(732, 4, '732', '2024-07-04', 493287.00, 'pagada', NULL, NULL),
(733, 8, '733', '2024-10-24', 748915.00, 'pendiente', NULL, NULL),
(734, 3, '734', '2024-02-28', 692908.00, 'pendiente', NULL, NULL),
(735, 8, '735', '2024-10-01', 512373.00, 'cancelada', NULL, NULL),
(736, 1, '736', '2024-05-01', 346294.00, 'pagada', NULL, NULL),
(737, 10, '737', '2024-01-19', 739155.00, 'pagada', NULL, NULL),
(738, 5, '738', '2023-09-14', 868428.00, 'cancelada', NULL, NULL),
(739, 5, '739', '2024-01-08', 82397.00, 'pendiente', NULL, NULL),
(740, 7, '740', '2024-02-28', 684515.00, 'pendiente', NULL, NULL),
(741, 10, '741', '2023-09-11', 707235.00, 'pagada', NULL, NULL),
(742, 10, '742', '2023-09-01', 730758.00, 'cancelada', NULL, NULL),
(743, 9, '743', '2023-10-19', 303577.00, 'cancelada', NULL, NULL),
(744, 6, '744', '2023-12-04', 321288.00, 'cancelada', NULL, NULL),
(745, 3, '745', '2024-03-27', 766925.00, 'cancelada', NULL, NULL),
(746, 6, '746', '2023-11-29', 988445.00, 'cancelada', NULL, NULL),
(747, 8, '747', '2023-11-22', 776893.00, 'cancelada', NULL, NULL),
(748, 3, '748', '2023-10-09', 849505.00, 'pagada', NULL, NULL),
(749, 3, '749', '2024-09-15', 814560.00, 'cancelada', NULL, NULL),
(750, 1, '750', '2023-10-05', 349290.00, 'pendiente', NULL, NULL),
(751, 4, '751', '2024-05-15', 430463.00, 'pagada', NULL, NULL),
(752, 2, '752', '2024-04-05', 815599.00, 'pagada', NULL, NULL),
(753, 5, '753', '2024-04-11', 546694.00, 'pendiente', NULL, NULL),
(754, 8, '754', '2024-09-21', 304922.00, 'pagada', NULL, NULL),
(755, 9, '755', '2023-09-20', 312664.00, 'cancelada', NULL, NULL),
(756, 7, '756', '2024-07-28', 325215.00, 'cancelada', NULL, NULL),
(757, 5, '757', '2024-08-01', 60138.00, 'pagada', NULL, NULL),
(758, 2, '758', '2023-10-18', 161496.00, 'pendiente', NULL, NULL),
(759, 1, '759', '2023-12-09', 906492.00, 'pendiente', NULL, NULL),
(760, 2, '760', '2024-06-19', 571069.00, 'pagada', NULL, NULL),
(761, 4, '761', '2024-09-11', 163489.00, 'pagada', NULL, NULL),
(762, 5, '762', '2024-05-02', 423204.00, 'cancelada', NULL, NULL),
(763, 5, '763', '2024-02-15', 78664.00, 'pagada', NULL, NULL),
(764, 7, '764', '2024-03-18', 993876.00, 'pagada', NULL, NULL),
(765, 8, '765', '2023-09-10', 252995.00, 'cancelada', NULL, NULL),
(766, 5, '766', '2023-11-13', 650256.00, 'pagada', NULL, NULL),
(767, 10, '767', '2024-06-17', 847435.00, 'pendiente', NULL, NULL),
(768, 9, '768', '2023-11-21', 173174.00, 'pendiente', NULL, NULL),
(769, 8, '769', '2024-06-07', 237080.00, 'cancelada', NULL, NULL),
(770, 3, '770', '2023-10-26', 108960.00, 'pendiente', NULL, NULL),
(771, 1, '771', '2024-03-29', 520665.00, 'cancelada', NULL, NULL),
(772, 8, '772', '2024-08-08', 458525.00, 'pendiente', NULL, NULL),
(773, 4, '773', '2024-05-02', 516963.00, 'pagada', NULL, NULL),
(774, 1, '774', '2024-09-04', 23975.00, 'pagada', NULL, NULL),
(775, 4, '775', '2024-09-27', 154509.00, 'cancelada', NULL, NULL),
(776, 2, '776', '2024-02-29', 407257.00, 'pagada', NULL, NULL),
(777, 4, '777', '2023-09-16', 207089.00, 'pendiente', NULL, NULL),
(778, 3, '778', '2024-01-18', 753177.00, 'pagada', NULL, NULL),
(779, 9, '779', '2024-02-15', 366786.00, 'pagada', NULL, NULL),
(780, 7, '780', '2024-09-28', 804163.00, 'pagada', NULL, NULL),
(781, 3, '781', '2024-07-30', 506025.00, 'cancelada', NULL, NULL),
(782, 10, '782', '2024-11-04', 159618.00, 'cancelada', NULL, NULL);
INSERT INTO `facturas` (`id`, `cliente_id`, `numero_factura`, `fecha_emision`, `monto_total`, `estatus`, `created_at`, `updated_at`) VALUES
(783, 6, '783', '2024-03-20', 634833.00, 'cancelada', NULL, NULL),
(784, 3, '784', '2023-12-12', 125218.00, 'pendiente', NULL, NULL),
(785, 3, '785', '2024-05-24', 251075.00, 'cancelada', NULL, NULL),
(786, 10, '786', '2024-04-13', 933232.00, 'pendiente', NULL, NULL),
(787, 10, '787', '2024-06-17', 663902.00, 'pendiente', NULL, NULL),
(788, 8, '788', '2024-08-27', 467408.00, 'pagada', NULL, NULL),
(789, 9, '789', '2024-05-17', 639387.00, 'pendiente', NULL, NULL),
(790, 4, '790', '2024-03-06', 388704.00, 'pagada', NULL, NULL),
(791, 2, '791', '2024-08-14', 459655.00, 'pagada', NULL, NULL),
(792, 10, '792', '2023-12-01', 320552.00, 'pagada', NULL, NULL),
(793, 5, '793', '2024-09-03', 104934.00, 'pendiente', NULL, NULL),
(794, 5, '794', '2024-07-31', 55104.00, 'pagada', NULL, NULL),
(795, 4, '795', '2024-08-08', 277125.00, 'cancelada', NULL, NULL),
(796, 10, '796', '2024-09-18', 889851.00, 'cancelada', NULL, NULL),
(797, 5, '797', '2024-06-22', 76847.00, 'pendiente', NULL, NULL),
(798, 9, '798', '2023-12-28', 940918.00, 'cancelada', NULL, NULL),
(799, 6, '799', '2024-11-09', 872727.00, 'pendiente', NULL, NULL),
(800, 7, '800', '2024-09-03', 125366.00, 'cancelada', NULL, NULL),
(801, 9, '801', '2023-12-30', 554794.00, 'pagada', NULL, NULL),
(802, 1, '802', '2024-09-21', 656540.00, 'pagada', NULL, NULL),
(803, 2, '803', '2024-02-25', 412729.00, 'pendiente', NULL, NULL),
(804, 1, '804', '2024-01-18', 697375.00, 'pagada', NULL, NULL),
(805, 9, '805', '2023-12-16', 647370.00, 'pagada', NULL, NULL),
(806, 7, '806', '2024-01-09', 63466.00, 'pagada', NULL, NULL),
(807, 2, '807', '2024-11-19', 277056.00, 'pagada', NULL, NULL),
(808, 4, '808', '2024-08-02', 96318.00, 'cancelada', NULL, NULL),
(809, 2, '809', '2023-11-15', 757083.00, 'pendiente', NULL, NULL),
(810, 3, '810', '2023-12-06', 528048.00, 'pendiente', NULL, NULL),
(811, 1, '811', '2023-09-30', 817616.00, 'cancelada', NULL, NULL),
(812, 10, '812', '2024-10-30', 991583.00, 'pagada', NULL, NULL),
(813, 8, '813', '2024-07-01', 639352.00, 'pagada', NULL, NULL),
(814, 8, '814', '2023-09-10', 85512.00, 'cancelada', NULL, NULL),
(815, 8, '815', '2024-01-26', 927223.00, 'pendiente', NULL, NULL),
(816, 10, '816', '2023-12-09', 235331.00, 'cancelada', NULL, NULL),
(817, 8, '817', '2024-03-22', 370655.00, 'cancelada', NULL, NULL),
(818, 3, '818', '2023-09-01', 20945.00, 'pendiente', NULL, NULL),
(819, 3, '819', '2023-10-16', 398355.00, 'cancelada', NULL, NULL),
(820, 1, '820', '2024-10-20', 640821.00, 'pagada', NULL, NULL),
(821, 4, '821', '2024-11-05', 407970.00, 'cancelada', NULL, NULL),
(822, 4, '822', '2024-02-01', 581483.00, 'pendiente', NULL, NULL),
(823, 3, '823', '2024-03-21', 301073.00, 'pendiente', NULL, NULL),
(824, 10, '824', '2023-11-27', 799507.00, 'pagada', NULL, NULL),
(825, 9, '825', '2023-12-24', 361053.00, 'pendiente', NULL, NULL),
(826, 6, '826', '2023-12-05', 514710.00, 'pendiente', NULL, NULL),
(827, 3, '827', '2024-06-30', 963945.00, 'pagada', NULL, NULL),
(828, 5, '828', '2024-08-07', 265949.00, 'cancelada', NULL, NULL),
(829, 5, '829', '2024-04-16', 319700.00, 'cancelada', NULL, NULL),
(830, 5, '830', '2024-08-31', 415131.00, 'pagada', NULL, NULL),
(831, 9, '831', '2024-07-22', 117592.00, 'pagada', NULL, NULL),
(832, 6, '832', '2023-09-18', 534381.00, 'pagada', NULL, NULL),
(833, 2, '833', '2023-10-13', 187028.00, 'pagada', NULL, NULL),
(834, 9, '834', '2024-02-25', 953010.00, 'pendiente', NULL, NULL),
(835, 5, '835', '2024-05-07', 359774.00, 'cancelada', NULL, NULL),
(836, 6, '836', '2023-12-08', 305105.00, 'cancelada', NULL, NULL),
(837, 5, '837', '2024-11-19', 993060.00, 'cancelada', NULL, NULL),
(838, 2, '838', '2023-09-01', 367715.00, 'pagada', NULL, NULL),
(839, 8, '839', '2024-08-08', 343892.00, 'pagada', NULL, NULL),
(840, 10, '840', '2024-03-13', 957670.00, 'pendiente', NULL, NULL),
(841, 5, '841', '2024-03-12', 597647.00, 'cancelada', NULL, NULL),
(842, 10, '842', '2023-11-01', 858295.00, 'cancelada', NULL, NULL),
(843, 5, '843', '2024-10-20', 964825.00, 'pendiente', NULL, NULL),
(844, 6, '844', '2024-05-24', 831967.00, 'cancelada', NULL, NULL),
(845, 6, '845', '2023-12-25', 906707.00, 'pagada', NULL, NULL),
(846, 8, '846', '2024-01-23', 767850.00, 'cancelada', NULL, NULL),
(847, 10, '847', '2024-02-25', 157882.00, 'pagada', NULL, NULL),
(848, 2, '848', '2024-04-21', 678117.00, 'pendiente', NULL, NULL),
(849, 2, '849', '2024-06-12', 105425.00, 'pendiente', NULL, NULL),
(850, 10, '850', '2023-10-08', 333926.00, 'pagada', NULL, NULL),
(851, 5, '851', '2023-12-05', 84998.00, 'pendiente', NULL, NULL),
(852, 1, '852', '2024-02-08', 774083.00, 'pendiente', NULL, NULL),
(853, 4, '853', '2023-09-03', 456486.00, 'pagada', NULL, NULL),
(854, 6, '854', '2024-08-08', 736827.00, 'cancelada', NULL, NULL),
(855, 8, '855', '2024-05-18', 73166.00, 'pagada', NULL, NULL),
(856, 6, '856', '2023-09-17', 913075.00, 'cancelada', NULL, NULL),
(857, 3, '857', '2023-11-02', 330884.00, 'cancelada', NULL, NULL),
(858, 5, '858', '2024-05-30', 937260.00, 'pendiente', NULL, NULL),
(859, 1, '859', '2024-05-21', 508469.00, 'pendiente', NULL, NULL),
(860, 7, '860', '2023-09-04', 263942.00, 'pendiente', NULL, NULL),
(861, 9, '861', '2024-04-16', 758418.00, 'pendiente', NULL, NULL),
(862, 9, '862', '2024-01-07', 458438.00, 'pagada', NULL, NULL),
(863, 3, '863', '2024-10-20', 828195.00, 'pagada', NULL, NULL),
(864, 5, '864', '2023-09-08', 167898.00, 'cancelada', NULL, NULL),
(865, 1, '865', '2023-09-07', 876086.00, 'cancelada', NULL, NULL),
(866, 7, '866', '2023-09-28', 562615.00, 'pagada', NULL, NULL),
(867, 5, '867', '2024-07-23', 694651.00, 'pagada', NULL, NULL),
(868, 2, '868', '2024-08-26', 756106.00, 'pagada', NULL, NULL),
(869, 8, '869', '2023-11-17', 514925.00, 'pagada', NULL, NULL),
(870, 3, '870', '2024-10-20', 270416.00, 'pendiente', NULL, NULL),
(871, 7, '871', '2023-09-19', 146049.00, 'cancelada', NULL, NULL),
(872, 1, '872', '2024-02-16', 991091.00, 'cancelada', NULL, NULL),
(873, 5, '873', '2024-07-20', 839285.00, 'pagada', NULL, NULL),
(874, 1, '874', '2024-06-02', 410273.00, 'cancelada', NULL, NULL),
(875, 3, '875', '2024-03-16', 130033.00, 'pagada', NULL, NULL),
(876, 7, '876', '2024-02-26', 269373.00, 'pagada', NULL, NULL),
(877, 1, '877', '2023-11-22', 270973.00, 'pagada', NULL, NULL),
(878, 7, '878', '2023-12-10', 402588.00, 'cancelada', NULL, NULL),
(879, 10, '879', '2024-01-15', 127348.00, 'pagada', NULL, NULL),
(880, 1, '880', '2024-02-02', 498374.00, 'cancelada', NULL, NULL),
(881, 6, '881', '2024-07-05', 619492.00, 'cancelada', NULL, NULL),
(882, 3, '882', '2023-10-09', 552350.00, 'pagada', NULL, NULL),
(883, 6, '883', '2024-01-22', 154094.00, 'pagada', NULL, NULL),
(884, 7, '884', '2024-01-10', 807548.00, 'pendiente', NULL, NULL),
(885, 9, '885', '2024-07-19', 279357.00, 'pendiente', NULL, NULL),
(886, 1, '886', '2024-11-28', 736664.00, 'pagada', NULL, NULL),
(887, 1, '887', '2024-10-21', 43098.00, 'pagada', NULL, NULL),
(888, 9, '888', '2024-06-04', 100418.00, 'pagada', NULL, NULL),
(889, 3, '889', '2024-08-22', 493601.00, 'pendiente', NULL, NULL),
(890, 2, '890', '2023-10-31', 158186.00, 'cancelada', NULL, NULL),
(891, 5, '891', '2024-05-17', 429987.00, 'cancelada', NULL, NULL),
(892, 2, '892', '2024-07-08', 583238.00, 'cancelada', NULL, NULL),
(893, 9, '893', '2024-03-03', 319600.00, 'pagada', NULL, NULL),
(894, 8, '894', '2024-07-22', 567346.00, 'cancelada', NULL, NULL),
(895, 2, '895', '2024-08-14', 675068.00, 'cancelada', NULL, NULL),
(896, 5, '896', '2024-01-12', 542516.00, 'cancelada', NULL, NULL),
(897, 4, '897', '2024-07-09', 518696.00, 'pendiente', NULL, NULL),
(898, 2, '898', '2024-09-13', 761890.00, 'pagada', NULL, NULL),
(899, 8, '899', '2024-02-06', 817155.00, 'pendiente', NULL, NULL),
(900, 3, '900', '2023-12-29', 520682.00, 'pendiente', NULL, NULL),
(901, 6, '901', '2024-03-13', 716106.00, 'pagada', NULL, NULL),
(902, 2, '902', '2024-06-13', 111301.00, 'pagada', NULL, NULL),
(903, 3, '903', '2024-02-21', 217690.00, 'pagada', NULL, NULL),
(904, 7, '904', '2024-10-22', 775298.00, 'pendiente', NULL, NULL),
(905, 4, '905', '2023-09-07', 460600.00, 'pagada', NULL, NULL),
(906, 10, '906', '2024-01-23', 125840.00, 'pendiente', NULL, NULL),
(907, 10, '907', '2024-11-17', 635837.00, 'pagada', NULL, NULL),
(908, 6, '908', '2024-08-13', 279836.00, 'pendiente', NULL, NULL),
(909, 2, '909', '2023-11-24', 213759.00, 'pagada', NULL, NULL),
(910, 4, '910', '2023-12-14', 456413.00, 'pendiente', NULL, NULL),
(911, 3, '911', '2023-10-25', 468724.00, 'pagada', NULL, NULL),
(912, 4, '912', '2024-05-21', 488207.00, 'pagada', NULL, NULL),
(913, 5, '913', '2024-02-23', 651712.00, 'pendiente', NULL, NULL),
(914, 9, '914', '2024-01-27', 569578.00, 'pendiente', NULL, NULL),
(915, 4, '915', '2023-11-12', 723733.00, 'pendiente', NULL, NULL),
(916, 10, '916', '2024-10-17', 789821.00, 'pendiente', NULL, NULL),
(917, 3, '917', '2024-03-09', 473344.00, 'pagada', NULL, NULL),
(918, 5, '918', '2024-01-14', 452010.00, 'pendiente', NULL, NULL),
(919, 10, '919', '2023-12-02', 719409.00, 'pagada', NULL, NULL),
(920, 5, '920', '2023-12-29', 112555.00, 'pendiente', NULL, NULL),
(921, 5, '921', '2024-07-14', 357818.00, 'pendiente', NULL, NULL),
(922, 8, '922', '2024-07-13', 746749.00, 'pendiente', NULL, NULL),
(923, 8, '923', '2024-06-07', 620466.00, 'pendiente', NULL, NULL),
(924, 10, '924', '2023-09-04', 154321.00, 'cancelada', NULL, NULL),
(925, 8, '925', '2024-03-24', 508357.00, 'pagada', NULL, NULL),
(926, 2, '926', '2024-03-02', 47845.00, 'cancelada', NULL, NULL),
(927, 10, '927', '2024-04-28', 199503.00, 'pendiente', NULL, NULL),
(928, 1, '928', '2024-06-03', 351893.00, 'pendiente', NULL, NULL),
(929, 4, '929', '2024-05-17', 641670.00, 'cancelada', NULL, NULL),
(930, 7, '930', '2024-07-11', 371087.00, 'pendiente', NULL, NULL),
(931, 1, '931', '2024-09-04', 193539.00, 'pendiente', NULL, NULL),
(932, 6, '932', '2024-06-15', 563725.00, 'pagada', NULL, NULL),
(933, 4, '933', '2023-10-18', 893809.00, 'pagada', NULL, NULL),
(934, 6, '934', '2024-07-21', 831887.00, 'pendiente', NULL, NULL),
(935, 6, '935', '2024-10-19', 617455.00, 'pagada', NULL, NULL),
(936, 10, '936', '2024-02-07', 130013.00, 'cancelada', NULL, NULL),
(937, 8, '937', '2023-09-06', 743672.00, 'cancelada', NULL, NULL),
(938, 4, '938', '2024-02-04', 574364.00, 'pagada', NULL, NULL),
(939, 7, '939', '2024-01-05', 426364.00, 'pagada', NULL, NULL),
(940, 5, '940', '2024-08-29', 197165.00, 'pendiente', NULL, NULL),
(941, 2, '941', '2024-07-13', 144704.00, 'pendiente', NULL, NULL),
(942, 2, '942', '2024-09-30', 629136.00, 'pendiente', NULL, NULL),
(943, 8, '943', '2024-02-26', 568968.00, 'pagada', NULL, NULL),
(944, 7, '944', '2024-06-16', 672900.00, 'cancelada', NULL, NULL),
(945, 8, '945', '2024-06-22', 961313.00, 'cancelada', NULL, NULL),
(946, 2, '946', '2024-05-14', 839949.00, 'cancelada', NULL, NULL),
(947, 8, '947', '2024-06-23', 147806.00, 'cancelada', NULL, NULL),
(948, 3, '948', '2024-11-02', 894923.00, 'pagada', NULL, NULL),
(949, 2, '949', '2023-11-13', 774629.00, 'pendiente', NULL, NULL),
(950, 10, '950', '2024-08-21', 21161.00, 'pagada', NULL, NULL),
(951, 3, '951', '2024-05-02', 223501.00, 'cancelada', NULL, NULL),
(952, 6, '952', '2024-04-27', 966354.00, 'cancelada', NULL, NULL),
(953, 5, '953', '2024-04-02', 73263.00, 'pendiente', NULL, NULL),
(954, 9, '954', '2024-01-06', 669267.00, 'cancelada', NULL, NULL),
(955, 2, '955', '2023-12-26', 65037.00, 'pendiente', NULL, NULL),
(956, 9, '956', '2024-11-21', 210530.00, 'cancelada', NULL, NULL),
(957, 6, '957', '2023-09-05', 657600.00, 'pendiente', NULL, NULL),
(958, 7, '958', '2024-05-09', 564358.00, 'cancelada', NULL, NULL),
(959, 1, '959', '2023-10-28', 257195.00, 'pendiente', NULL, NULL),
(960, 1, '960', '2023-10-09', 988546.00, 'pagada', NULL, NULL),
(961, 7, '961', '2024-08-24', 428090.00, 'cancelada', NULL, NULL),
(962, 9, '962', '2024-02-03', 502393.00, 'pagada', NULL, NULL),
(963, 10, '963', '2024-08-24', 447731.00, 'pendiente', NULL, NULL),
(964, 8, '964', '2024-09-07', 780366.00, 'cancelada', NULL, NULL),
(965, 9, '965', '2023-09-03', 308907.00, 'pendiente', NULL, NULL),
(966, 7, '966', '2024-07-11', 670642.00, 'pendiente', NULL, NULL),
(967, 6, '967', '2024-03-24', 369005.00, 'pagada', NULL, NULL),
(968, 8, '968', '2023-11-16', 940032.00, 'pendiente', NULL, NULL),
(969, 7, '969', '2024-02-17', 24779.00, 'pagada', NULL, NULL),
(970, 7, '970', '2023-10-25', 836448.00, 'pagada', NULL, NULL),
(971, 8, '971', '2023-10-23', 622938.00, 'cancelada', NULL, NULL),
(972, 8, '972', '2024-07-28', 314549.00, 'pendiente', NULL, NULL),
(973, 3, '973', '2023-11-26', 694744.00, 'cancelada', NULL, NULL),
(974, 4, '974', '2024-08-03', 793902.00, 'cancelada', NULL, NULL),
(975, 9, '975', '2024-06-23', 612096.00, 'pagada', NULL, NULL),
(976, 3, '976', '2024-01-11', 56515.00, 'cancelada', NULL, NULL),
(977, 10, '977', '2024-04-23', 866502.00, 'pendiente', NULL, NULL),
(978, 10, '978', '2023-10-11', 143833.00, 'pagada', NULL, NULL),
(979, 5, '979', '2024-02-06', 455624.00, 'pagada', NULL, NULL),
(980, 8, '980', '2023-12-16', 847702.00, 'pendiente', NULL, NULL),
(981, 8, '981', '2024-11-21', 235426.00, 'cancelada', NULL, NULL),
(982, 3, '982', '2023-10-31', 999335.00, 'pendiente', NULL, NULL),
(983, 9, '983', '2024-02-24', 599017.00, 'pendiente', NULL, NULL),
(984, 3, '984', '2024-10-11', 800020.00, 'pendiente', NULL, NULL),
(985, 7, '985', '2024-04-29', 283175.00, 'pagada', NULL, NULL),
(986, 5, '986', '2023-10-10', 299004.00, 'cancelada', NULL, NULL),
(987, 1, '987', '2024-09-13', 150657.00, 'cancelada', NULL, NULL),
(988, 7, '988', '2023-12-04', 62985.00, 'pendiente', NULL, NULL),
(989, 10, '989', '2024-06-09', 334162.00, 'pagada', NULL, NULL),
(990, 7, '990', '2023-12-31', 936626.00, 'cancelada', NULL, NULL),
(991, 3, '991', '2023-09-19', 605281.00, 'pagada', NULL, NULL),
(992, 9, '992', '2024-07-24', 739907.00, 'cancelada', NULL, NULL),
(993, 10, '993', '2024-05-02', 750576.00, 'pagada', NULL, NULL),
(994, 1, '994', '2024-03-08', 461137.00, 'pagada', NULL, NULL),
(995, 5, '995', '2024-05-16', 18096.00, 'pagada', NULL, NULL),
(996, 1, '996', '2024-06-30', 549721.00, 'cancelada', NULL, NULL),
(997, 6, '997', '2024-02-09', 59367.00, 'cancelada', NULL, NULL),
(998, 6, '998', '2024-01-28', 666962.00, 'pendiente', NULL, NULL),
(999, 2, '999', '2024-06-12', 22587.00, 'pendiente', NULL, NULL),
(1000, 10, '1000', '2024-04-13', 625099.00, 'pendiente', NULL, NULL),
(1003, 1, '1987', '2024-04-01', 35538.00, 'pendiente', '2024-11-26 00:00:00', '2024-11-26 00:00:00');

--
-- Volcado de datos para la tabla `migrations`
--

INSERT INTO `migrations` (`id`, `version`, `class`, `group`, `namespace`, `time`, `batch`) VALUES
(8, '2024-11-26-045019', 'App\\Database\\Migrations\\CreateClientesTable', 'default', 'App', 1732602587, 1),
(9, '2024-11-26-045024', 'App\\Database\\Migrations\\CreateCarterasTable', 'default', 'App', 1732602587, 1),
(10, '2024-11-26-045030', 'App\\Database\\Migrations\\CreateClientesCarterasTable', 'default', 'App', 1732602587, 1),
(11, '2024-11-26-045034', 'App\\Database\\Migrations\\CreateFacturasTable', 'default', 'App', 1732602588, 1),
(12, '2024-11-26-045040', 'App\\Database\\Migrations\\CreateOrdenesPagoTable', 'default', 'App', 1732602588, 1);

--
-- Volcado de datos para la tabla `ordenes_pago`
--

INSERT INTO `ordenes_pago` (`id`, `factura_id`, `fecha_pago`, `monto_pago`, `metodo_pago`, `referencia_pago`, `created_at`, `updated_at`) VALUES
(1, 910, '2024-02-15', 441.24, 'transferencia', 'Stand-alone', NULL, NULL),
(2, 761, '2024-01-15', 211.86, 'transferencia', 'initiative', NULL, NULL),
(3, 770, '2024-09-08', 132.19, 'efectivo', 'definition', NULL, NULL),
(4, 167, '2024-04-23', 401.06, 'efectivo', 'Graphic Interface', NULL, NULL),
(5, 479, '2024-02-01', 144.64, 'transferencia', 'framework', NULL, NULL),
(6, 798, '2024-08-14', 115.77, 'efectivo', 'Assimilated', NULL, NULL),
(7, 46, '2024-02-03', 117.91, 'efectivo', 'secured line', NULL, NULL),
(8, 766, '2023-12-17', 211.56, 'transferencia', 'optimal', NULL, NULL),
(9, 837, '2024-03-30', 147.59, 'efectivo', 'knowledge base', NULL, NULL),
(10, 193, '2024-01-13', 221.00, 'transferencia', 'productivity', NULL, NULL),
(11, 506, '2023-12-18', 139.67, 'tarjeta', 'infrastructure', NULL, NULL),
(12, 145, '2024-07-05', 413.21, 'efectivo', 'collaboration', NULL, NULL),
(13, 638, '2024-05-06', 420.31, 'efectivo', 'infrastructure', NULL, NULL),
(14, 62, '2024-06-05', 397.97, 'tarjeta', 'Fully-configurable', NULL, NULL),
(15, 531, '2024-05-18', 148.97, 'tarjeta', 'Multi-tiered', NULL, NULL),
(16, 271, '2024-11-08', 488.48, 'tarjeta', 'logistical', NULL, NULL),
(17, 314, '2023-12-27', 345.68, 'efectivo', 'Proactive', NULL, NULL),
(18, 938, '2023-11-27', 402.25, 'tarjeta', 'conglomeration', NULL, NULL),
(19, 782, '2024-03-19', 464.57, 'tarjeta', 'Multi-lateral', NULL, NULL),
(20, 19, '2024-08-06', 224.71, 'tarjeta', 'needs-based', NULL, NULL),
(21, 646, '2024-02-12', 131.28, 'efectivo', 'Up-sized', NULL, NULL),
(22, 554, '2024-03-27', 494.00, 'efectivo', 'standardization', NULL, NULL),
(23, 314, '2023-11-24', 136.52, 'transferencia', 'mission-critical', NULL, NULL),
(24, 910, '2024-07-22', 164.69, 'transferencia', 'systematic', NULL, NULL),
(25, 99, '2024-02-05', 325.88, 'tarjeta', 'Digitized', NULL, NULL),
(26, 673, '2024-03-27', 257.90, 'tarjeta', 'local area network', NULL, NULL),
(27, 316, '2023-12-02', 249.12, 'transferencia', 'Multi-tiered', NULL, NULL),
(28, 666, '2024-02-23', 394.61, 'tarjeta', 'Versatile', NULL, NULL),
(29, 435, '2024-03-16', 351.10, 'efectivo', 'Pre-emptive', NULL, NULL),
(30, 799, '2024-07-30', 194.82, 'tarjeta', 'Cross-platform', NULL, NULL),
(31, 441, '2024-03-03', 175.92, 'transferencia', 'productivity', NULL, NULL),
(32, 412, '2024-01-30', 345.02, 'tarjeta', 'holistic', NULL, NULL),
(33, 597, '2024-03-24', 366.33, 'efectivo', 'Synergistic', NULL, NULL),
(34, 758, '2024-07-12', 150.59, 'efectivo', 'tangible', NULL, NULL),
(35, 447, '2024-04-30', 203.63, 'tarjeta', 'Diverse', NULL, NULL),
(36, 759, '2024-11-04', 372.70, 'efectivo', 'Quality-focused', NULL, NULL),
(37, 58, '2024-11-17', 489.61, 'transferencia', '3rd generation', NULL, NULL),
(38, 858, '2024-02-15', 165.31, 'tarjeta', 'info-mediaries', NULL, NULL),
(39, 57, '2024-03-18', 286.24, 'transferencia', 'leading edge', NULL, NULL),
(40, 875, '2024-05-14', 203.46, 'transferencia', 'Virtual', NULL, NULL),
(41, 440, '2024-04-14', 396.14, 'transferencia', 'migration', NULL, NULL),
(42, 481, '2024-08-19', 196.14, 'efectivo', 'needs-based', NULL, NULL),
(43, 888, '2023-12-09', 206.70, 'transferencia', 'Quality-focused', NULL, NULL),
(44, 619, '2024-06-08', 197.52, 'tarjeta', 'demand-driven', NULL, NULL),
(45, 195, '2024-02-20', 156.36, 'efectivo', 'workforce', NULL, NULL),
(46, 941, '2024-08-13', 320.41, 'transferencia', 'Business-focused', NULL, NULL),
(47, 249, '2024-08-26', 431.45, 'efectivo', 'well-modulated', NULL, NULL),
(48, 240, '2024-04-27', 269.37, 'transferencia', 'strategy', NULL, NULL),
(49, 592, '2024-03-22', 184.57, 'tarjeta', 'website', NULL, NULL),
(50, 273, '2024-01-18', 387.45, 'tarjeta', 'upward-trending', NULL, NULL),
(51, 525, '2024-02-12', 197.71, 'tarjeta', 'Cross-platform', NULL, NULL),
(52, 45, '2024-10-14', 314.21, 'efectivo', 'non-volatile', NULL, NULL),
(53, 225, '2024-09-11', 191.81, 'transferencia', 'context-sensitive', NULL, NULL),
(54, 380, '2024-05-05', 266.52, 'efectivo', 'regional', NULL, NULL),
(55, 724, '2023-12-16', 223.57, 'transferencia', 'forecast', NULL, NULL),
(56, 939, '2024-07-15', 408.73, 'tarjeta', 'Business-focused', NULL, NULL),
(57, 983, '2024-05-18', 257.93, 'tarjeta', 'Enhanced', NULL, NULL),
(58, 417, '2024-01-01', 184.84, 'tarjeta', 'architecture', NULL, NULL),
(59, 271, '2024-07-31', 106.94, 'transferencia', 'system-worthy', NULL, NULL),
(60, 59, '2024-10-30', 447.69, 'tarjeta', 'transitional', NULL, NULL),
(61, 736, '2024-06-06', 259.91, 'tarjeta', 'approach', NULL, NULL),
(62, 871, '2024-05-29', 288.61, 'tarjeta', 'real-time', NULL, NULL),
(63, 181, '2024-08-13', 468.10, 'tarjeta', 'Phased', NULL, NULL),
(64, 244, '2024-04-14', 220.10, 'transferencia', 'Compatible', NULL, NULL),
(65, 654, '2024-04-08', 242.80, 'efectivo', 'definition', NULL, NULL),
(66, 925, '2024-04-13', 444.15, 'efectivo', 'Profit-focused', NULL, NULL),
(67, 956, '2024-10-30', 253.78, 'efectivo', 'open system', NULL, NULL),
(68, 601, '2024-02-02', 136.18, 'transferencia', 'Managed', NULL, NULL),
(69, 77, '2024-11-01', 269.30, 'transferencia', 'Organized', NULL, NULL),
(70, 286, '2023-11-22', 417.49, 'tarjeta', 'encompassing', NULL, NULL),
(71, 217, '2024-09-15', 155.70, 'efectivo', 'budgetary management', NULL, NULL),
(72, 781, '2024-04-12', 152.29, 'efectivo', 'Customer-focused', NULL, NULL),
(73, 984, '2024-10-27', 261.99, 'tarjeta', 'flexibility', NULL, NULL),
(74, 929, '2024-09-27', 243.39, 'transferencia', 'product', NULL, NULL),
(75, 755, '2023-11-24', 168.30, 'efectivo', 'extranet', NULL, NULL),
(76, 837, '2024-05-05', 415.70, 'tarjeta', 'info-mediaries', NULL, NULL),
(77, 953, '2024-11-07', 199.06, 'efectivo', 'interactive', NULL, NULL),
(78, 92, '2024-05-14', 278.27, 'efectivo', 'methodical', NULL, NULL),
(79, 575, '2024-01-23', 234.13, 'efectivo', 'Synchronised', NULL, NULL),
(80, 259, '2024-11-17', 397.46, 'transferencia', 'Front-line', NULL, NULL),
(81, 719, '2024-09-12', 469.14, 'tarjeta', '6th generation', NULL, NULL),
(82, 130, '2023-11-28', 293.45, 'efectivo', 'interactive', NULL, NULL),
(83, 258, '2024-02-07', 311.94, 'transferencia', 'Re-engineered', NULL, NULL),
(84, 108, '2024-09-25', 259.76, 'transferencia', 'De-engineered', NULL, NULL),
(85, 306, '2024-08-31', 349.60, 'efectivo', 'bottom-line', NULL, NULL),
(86, 705, '2024-03-22', 241.07, 'transferencia', 'access', NULL, NULL),
(87, 954, '2024-05-09', 367.52, 'efectivo', 'Organic', NULL, NULL),
(88, 774, '2024-09-27', 293.77, 'transferencia', 'Cross-group', NULL, NULL),
(89, 747, '2024-01-11', 244.13, 'tarjeta', 'utilisation', NULL, NULL),
(90, 729, '2024-07-31', 199.99, 'transferencia', 'heuristic', NULL, NULL),
(91, 130, '2024-05-28', 401.75, 'transferencia', 'Customizable', NULL, NULL),
(92, 417, '2024-03-17', 203.37, 'transferencia', 'collaboration', NULL, NULL),
(93, 455, '2023-12-09', 370.07, 'tarjeta', 'help-desk', NULL, NULL),
(94, 223, '2024-06-20', 343.23, 'tarjeta', 'Mandatory', NULL, NULL),
(95, 856, '2023-11-24', 196.09, 'transferencia', 'frame', NULL, NULL),
(96, 464, '2024-08-12', 254.92, 'efectivo', 'Enterprise-wide', NULL, NULL),
(97, 700, '2024-06-14', 188.63, 'tarjeta', 'benchmark', NULL, NULL),
(98, 854, '2024-04-30', 320.75, 'efectivo', 'Customer-focused', NULL, NULL),
(99, 950, '2023-12-13', 454.14, 'tarjeta', 'collaboration', NULL, NULL),
(100, 202, '2023-12-23', 227.97, 'transferencia', 'Cloned', NULL, NULL),
(101, 906, '2024-08-06', 376.55, 'efectivo', 'infrastructure', NULL, NULL),
(102, 786, '2024-03-16', 471.58, 'tarjeta', 'time-frame', NULL, NULL),
(103, 396, '2024-04-16', 154.92, 'transferencia', 'interface', NULL, NULL),
(104, 388, '2024-06-07', 383.86, 'tarjeta', 'hardware', NULL, NULL),
(105, 756, '2024-01-13', 289.02, 'transferencia', 'human-resource', NULL, NULL),
(106, 257, '2024-11-15', 349.12, 'tarjeta', 'database', NULL, NULL),
(107, 686, '2024-11-18', 231.35, 'transferencia', 'migration', NULL, NULL),
(108, 365, '2024-04-19', 288.68, 'transferencia', 'Innovative', NULL, NULL),
(109, 529, '2023-12-02', 276.58, 'tarjeta', 'bifurcated', NULL, NULL),
(110, 504, '2023-12-20', 448.26, 'tarjeta', 'Configurable', NULL, NULL),
(111, 496, '2024-02-04', 465.56, 'tarjeta', 'circuit', NULL, NULL),
(112, 632, '2024-07-16', 299.35, 'transferencia', 'core', NULL, NULL),
(113, 649, '2024-02-06', 222.80, 'tarjeta', 'ability', NULL, NULL),
(114, 58, '2024-10-17', 346.82, 'tarjeta', 'holistic', NULL, NULL),
(115, 40, '2023-12-25', 420.06, 'efectivo', 'solution-oriented', NULL, NULL),
(116, 444, '2024-01-31', 263.38, 'tarjeta', 'circuit', NULL, NULL),
(117, 338, '2023-11-24', 414.52, 'tarjeta', 'Cross-group', NULL, NULL),
(118, 842, '2024-07-24', 252.29, 'efectivo', 'encompassing', NULL, NULL),
(119, 16, '2024-08-11', 208.55, 'tarjeta', 'extranet', NULL, NULL),
(120, 251, '2023-12-09', 436.00, 'transferencia', 'cohesive', NULL, NULL),
(121, 649, '2024-07-19', 116.65, 'efectivo', 'process improvement', NULL, NULL),
(122, 679, '2023-12-23', 247.74, 'efectivo', 'paradigm', NULL, NULL),
(123, 279, '2024-04-04', 277.79, 'transferencia', 'Assimilated', NULL, NULL),
(124, 711, '2024-02-09', 345.80, 'efectivo', 'attitude-oriented', NULL, NULL),
(125, 465, '2024-05-07', 404.66, 'efectivo', 'Implemented', NULL, NULL),
(126, 970, '2024-06-09', 497.83, 'tarjeta', 'bifurcated', NULL, NULL),
(127, 255, '2024-02-03', 141.91, 'transferencia', 'optimizing', NULL, NULL),
(128, 21, '2024-06-16', 170.06, 'transferencia', 'model', NULL, NULL),
(129, 533, '2024-02-10', 470.25, 'efectivo', 'Seamless', NULL, NULL),
(130, 668, '2024-04-03', 266.75, 'transferencia', 'De-engineered', NULL, NULL),
(131, 98, '2024-07-05', 276.04, 'efectivo', 'architecture', NULL, NULL),
(132, 539, '2024-10-07', 155.96, 'tarjeta', 'motivating', NULL, NULL),
(133, 844, '2024-07-22', 364.12, 'efectivo', 'internet solution', NULL, NULL),
(134, 718, '2024-01-21', 249.15, 'transferencia', 'Exclusive', NULL, NULL),
(135, 356, '2024-11-15', 147.19, 'tarjeta', 'Down-sized', NULL, NULL),
(136, 671, '2024-01-18', 288.21, 'transferencia', 'Reactive', NULL, NULL),
(137, 690, '2024-08-28', 327.95, 'efectivo', 'optimizing', NULL, NULL),
(138, 964, '2024-11-16', 388.47, 'tarjeta', 'impactful', NULL, NULL),
(139, 645, '2024-06-25', 384.31, 'efectivo', 'Persistent', NULL, NULL),
(140, 392, '2024-02-26', 142.10, 'tarjeta', 'Open-source', NULL, NULL),
(141, 76, '2024-02-11', 379.74, 'tarjeta', 'Up-sized', NULL, NULL),
(142, 265, '2024-03-08', 383.84, 'transferencia', 'protocol', NULL, NULL),
(143, 560, '2024-11-19', 317.53, 'transferencia', 'asymmetric', NULL, NULL),
(144, 723, '2024-06-24', 290.97, 'efectivo', '5th generation', NULL, NULL),
(145, 888, '2024-01-06', 375.47, 'tarjeta', 'exuding', NULL, NULL),
(146, 779, '2024-07-18', 284.04, 'transferencia', 'Reverse-engineered', NULL, NULL),
(147, 364, '2024-01-28', 260.87, 'efectivo', 'orchestration', NULL, NULL),
(148, 901, '2024-04-29', 114.02, 'transferencia', 'Right-sized', NULL, NULL),
(149, 945, '2023-12-10', 272.60, 'tarjeta', 'Synergized', NULL, NULL),
(150, 715, '2024-04-22', 325.77, 'tarjeta', 'Configurable', NULL, NULL),
(151, 153, '2024-03-12', 250.26, 'efectivo', 'function', NULL, NULL),
(152, 472, '2024-06-02', 485.14, 'tarjeta', 'workforce', NULL, NULL),
(153, 335, '2024-02-16', 102.15, 'tarjeta', 'infrastructure', NULL, NULL),
(154, 262, '2024-08-03', 146.11, 'efectivo', 'Innovative', NULL, NULL),
(155, 320, '2024-06-18', 389.87, 'tarjeta', 'installation', NULL, NULL),
(156, 206, '2023-12-31', 198.58, 'transferencia', 'conglomeration', NULL, NULL),
(157, 300, '2024-01-15', 221.29, 'tarjeta', 'open architecture', NULL, NULL),
(158, 640, '2024-10-24', 181.02, 'tarjeta', 'Devolved', NULL, NULL),
(159, 16, '2024-08-03', 104.23, 'tarjeta', 'orchestration', NULL, NULL),
(160, 450, '2024-04-17', 401.03, 'efectivo', 'Organized', NULL, NULL),
(161, 842, '2023-12-17', 309.57, 'transferencia', 'stable', NULL, NULL),
(162, 493, '2024-11-01', 457.14, 'efectivo', 'portal', NULL, NULL),
(163, 124, '2024-08-14', 358.55, 'efectivo', 'Implemented', NULL, NULL),
(164, 560, '2024-01-23', 347.84, 'tarjeta', 'user-facing', NULL, NULL),
(165, 260, '2024-04-04', 104.52, 'tarjeta', '24 hour', NULL, NULL),
(166, 317, '2024-07-29', 406.24, 'transferencia', 'algorithm', NULL, NULL),
(167, 583, '2024-04-29', 283.72, 'transferencia', 'transitional', NULL, NULL),
(168, 165, '2024-02-17', 455.74, 'tarjeta', 'Automated', NULL, NULL),
(169, 140, '2023-11-20', 354.80, 'transferencia', 'productivity', NULL, NULL),
(170, 698, '2024-10-30', 451.70, 'transferencia', 'Ergonomic', NULL, NULL),
(171, 644, '2024-11-14', 124.12, 'efectivo', 'throughput', NULL, NULL),
(172, 269, '2024-03-18', 379.17, 'tarjeta', 'throughput', NULL, NULL),
(173, 563, '2024-04-26', 327.64, 'tarjeta', 'Re-contextualized', NULL, NULL),
(174, 969, '2024-09-02', 302.85, 'tarjeta', 'Function-based', NULL, NULL),
(175, 708, '2024-07-29', 489.32, 'tarjeta', 'Organic', NULL, NULL),
(176, 158, '2024-05-13', 180.75, 'efectivo', 'system engine', NULL, NULL),
(177, 512, '2024-05-21', 485.15, 'transferencia', 'Vision-oriented', NULL, NULL),
(178, 538, '2024-11-04', 490.07, 'transferencia', 'Persistent', NULL, NULL),
(179, 755, '2023-12-04', 212.04, 'tarjeta', 'tangible', NULL, NULL),
(180, 329, '2024-06-26', 322.90, 'tarjeta', 'scalable', NULL, NULL),
(181, 123, '2024-04-25', 137.12, 'tarjeta', 'Progressive', NULL, NULL),
(182, 922, '2024-11-18', 158.26, 'efectivo', 'Advanced', NULL, NULL),
(183, 715, '2024-02-20', 159.59, 'efectivo', 'disintermediate', NULL, NULL),
(184, 313, '2024-07-13', 207.06, 'transferencia', 'standardization', NULL, NULL),
(185, 730, '2024-03-02', 181.97, 'efectivo', 'process improvement', NULL, NULL),
(186, 324, '2024-04-13', 150.04, 'efectivo', 'Implemented', NULL, NULL),
(187, 587, '2024-01-07', 366.27, 'efectivo', 'well-modulated', NULL, NULL),
(188, 714, '2024-08-03', 308.53, 'transferencia', 'functionalities', NULL, NULL),
(189, 729, '2024-03-13', 210.36, 'transferencia', 'Extended', NULL, NULL),
(190, 563, '2024-10-06', 304.91, 'tarjeta', 'Programmable', NULL, NULL),
(191, 679, '2024-10-22', 282.12, 'efectivo', 'artificial intelligence', NULL, NULL),
(192, 663, '2024-06-15', 434.60, 'transferencia', 'intranet', NULL, NULL),
(193, 856, '2024-07-12', 143.07, 'tarjeta', 'disintermediate', NULL, NULL),
(194, 361, '2024-05-27', 154.21, 'tarjeta', 'workforce', NULL, NULL),
(195, 494, '2024-01-10', 312.11, 'efectivo', 'website', NULL, NULL),
(196, 987, '2024-10-24', 481.04, 'efectivo', 'Reverse-engineered', NULL, NULL),
(197, 971, '2024-03-23', 214.98, 'transferencia', 'Phased', NULL, NULL),
(198, 820, '2024-03-18', 172.70, 'transferencia', 'secondary', NULL, NULL),
(199, 995, '2024-06-06', 450.87, 'efectivo', 'discrete', NULL, NULL),
(200, 134, '2024-07-23', 315.70, 'tarjeta', 'Operative', NULL, NULL),
(201, 575, '2024-01-09', 498.87, 'efectivo', 'matrices', NULL, NULL),
(202, 582, '2024-06-15', 414.15, 'transferencia', 'bi-directional', NULL, NULL),
(203, 814, '2024-01-03', 367.77, 'efectivo', 'systematic', NULL, NULL),
(204, 748, '2024-10-30', 157.78, 'tarjeta', 'bifurcated', NULL, NULL),
(205, 20, '2024-10-08', 201.09, 'efectivo', 'help-desk', NULL, NULL),
(206, 781, '2024-09-29', 109.94, 'efectivo', 'discrete', NULL, NULL),
(207, 758, '2024-07-31', 116.66, 'efectivo', 'Operative', NULL, NULL),
(208, 325, '2024-02-03', 493.22, 'tarjeta', 'solution-oriented', NULL, NULL),
(209, 817, '2024-10-27', 471.07, 'efectivo', 'Distributed', NULL, NULL),
(210, 254, '2024-02-02', 232.82, 'tarjeta', 'Cross-platform', NULL, NULL),
(211, 655, '2024-10-18', 284.51, 'tarjeta', 'Triple-buffered', NULL, NULL),
(212, 4, '2024-11-21', 290.34, 'tarjeta', 'User-centric', NULL, NULL),
(213, 773, '2024-09-13', 491.46, 'tarjeta', 'Optimized', NULL, NULL),
(214, 490, '2024-07-23', 371.67, 'transferencia', 'Right-sized', NULL, NULL),
(215, 326, '2024-11-18', 154.61, 'transferencia', 'Organic', NULL, NULL),
(216, 820, '2024-03-03', 377.78, 'transferencia', 'Visionary', NULL, NULL),
(217, 775, '2024-07-01', 142.04, 'transferencia', 'systematic', NULL, NULL),
(218, 237, '2024-06-15', 272.85, 'transferencia', 'dynamic', NULL, NULL),
(219, 996, '2024-07-19', 146.27, 'tarjeta', 'firmware', NULL, NULL),
(220, 654, '2024-11-02', 260.62, 'tarjeta', 'open system', NULL, NULL),
(221, 353, '2024-03-21', 211.11, 'transferencia', 'zero defect', NULL, NULL),
(222, 811, '2024-04-03', 160.68, 'efectivo', 'fault-tolerant', NULL, NULL),
(223, 227, '2024-03-31', 493.35, 'transferencia', 'productivity', NULL, NULL),
(224, 332, '2024-06-14', 183.17, 'tarjeta', 'analyzer', NULL, NULL),
(225, 463, '2024-11-06', 115.75, 'efectivo', 'Fully-configurable', NULL, NULL),
(226, 915, '2024-09-14', 142.60, 'efectivo', 'Switchable', NULL, NULL),
(227, 104, '2024-04-10', 139.31, 'transferencia', 'productivity', NULL, NULL),
(228, 601, '2024-07-17', 463.89, 'tarjeta', 'collaboration', NULL, NULL),
(229, 153, '2024-06-28', 443.90, 'transferencia', 'Quality-focused', NULL, NULL),
(230, 288, '2024-05-21', 235.65, 'transferencia', '3rd generation', NULL, NULL),
(231, 753, '2024-08-03', 272.99, 'transferencia', 'zero tolerance', NULL, NULL),
(232, 375, '2024-05-21', 242.74, 'transferencia', 'budgetary management', NULL, NULL),
(233, 453, '2024-01-07', 170.27, 'efectivo', 'complexity', NULL, NULL),
(234, 173, '2024-01-23', 211.58, 'transferencia', 'Optional', NULL, NULL),
(235, 366, '2024-09-08', 258.90, 'tarjeta', 'Reverse-engineered', NULL, NULL),
(236, 683, '2024-10-29', 253.30, 'transferencia', 'matrix', NULL, NULL),
(237, 581, '2024-01-13', 435.16, 'tarjeta', 'Polarised', NULL, NULL),
(238, 713, '2024-05-27', 373.55, 'efectivo', 'pricing structure', NULL, NULL),
(239, 117, '2024-01-21', 155.39, 'transferencia', 'Multi-layered', NULL, NULL),
(240, 354, '2024-09-06', 128.58, 'tarjeta', 'capability', NULL, NULL),
(241, 951, '2024-08-20', 324.10, 'transferencia', 'Self-enabling', NULL, NULL),
(242, 136, '2024-10-05', 300.85, 'efectivo', 'conglomeration', NULL, NULL),
(243, 802, '2024-01-30', 241.73, 'transferencia', 'initiative', NULL, NULL),
(244, 434, '2023-12-04', 170.58, 'transferencia', 'impactful', NULL, NULL),
(245, 639, '2024-11-14', 272.70, 'transferencia', 'benchmark', NULL, NULL),
(246, 792, '2024-03-10', 246.54, 'transferencia', 'capability', NULL, NULL),
(247, 138, '2024-04-15', 261.66, 'transferencia', 'zero tolerance', NULL, NULL),
(248, 729, '2024-07-03', 123.34, 'tarjeta', 'software', NULL, NULL),
(249, 238, '2023-12-25', 310.20, 'efectivo', 'moderator', NULL, NULL),
(250, 292, '2024-04-28', 316.87, 'transferencia', '24 hour', NULL, NULL),
(251, 995, '2024-10-19', 196.43, 'tarjeta', 'Configurable', NULL, NULL),
(252, 196, '2024-09-24', 496.02, 'efectivo', 'Triple-buffered', NULL, NULL),
(253, 354, '2024-07-15', 415.97, 'efectivo', 'capability', NULL, NULL),
(254, 110, '2024-10-19', 344.96, 'tarjeta', 'model', NULL, NULL),
(255, 145, '2024-09-12', 106.96, 'efectivo', 'access', NULL, NULL),
(256, 171, '2024-08-22', 107.08, 'transferencia', 'Pre-emptive', NULL, NULL),
(257, 221, '2024-04-10', 485.12, 'tarjeta', 'Seamless', NULL, NULL),
(258, 580, '2023-12-01', 104.01, 'tarjeta', 'time-frame', NULL, NULL),
(259, 164, '2024-09-14', 354.20, 'efectivo', 'Front-line', NULL, NULL),
(260, 264, '2024-04-26', 321.09, 'transferencia', 'Virtual', NULL, NULL),
(261, 283, '2024-07-06', 419.23, 'transferencia', 'superstructure', NULL, NULL),
(262, 651, '2024-07-05', 335.16, 'efectivo', 'Diverse', NULL, NULL),
(263, 923, '2024-05-08', 372.18, 'tarjeta', 'Horizontal', NULL, NULL),
(264, 832, '2024-09-28', 269.75, 'efectivo', 'Centralized', NULL, NULL),
(265, 592, '2024-10-10', 478.89, 'tarjeta', 'coherent', NULL, NULL),
(266, 211, '2024-03-01', 416.46, 'tarjeta', 'system engine', NULL, NULL),
(267, 873, '2024-09-04', 387.90, 'tarjeta', 'optimizing', NULL, NULL),
(268, 554, '2024-04-07', 352.00, 'transferencia', 'system-worthy', NULL, NULL),
(269, 803, '2024-07-23', 413.34, 'efectivo', 'Grass-roots', NULL, NULL),
(270, 298, '2024-06-09', 289.45, 'transferencia', 'Open-architected', NULL, NULL),
(271, 570, '2023-12-02', 363.41, 'tarjeta', 'migration', NULL, NULL),
(272, 671, '2024-04-12', 493.24, 'transferencia', 'methodology', NULL, NULL),
(273, 81, '2024-01-04', 379.35, 'efectivo', 'solution', NULL, NULL),
(274, 266, '2024-02-15', 175.59, 'transferencia', 'systematic', NULL, NULL),
(275, 926, '2024-08-22', 372.92, 'transferencia', 'human-resource', NULL, NULL),
(276, 638, '2023-11-22', 311.97, 'tarjeta', 'implementation', NULL, NULL),
(277, 77, '2024-11-22', 252.71, 'efectivo', 'next generation', NULL, NULL),
(278, 167, '2024-10-08', 483.19, 'transferencia', 'dedicated', NULL, NULL),
(279, 410, '2024-02-03', 438.57, 'efectivo', 'homogeneous', NULL, NULL),
(280, 686, '2023-12-28', 210.87, 'transferencia', 'systematic', NULL, NULL),
(281, 404, '2024-11-06', 173.38, 'tarjeta', 'Compatible', NULL, NULL),
(282, 473, '2024-04-22', 255.58, 'efectivo', 'Multi-layered', NULL, NULL),
(283, 599, '2024-10-26', 200.12, 'efectivo', 'open system', NULL, NULL),
(284, 201, '2024-05-02', 125.85, 'tarjeta', 'demand-driven', NULL, NULL),
(285, 404, '2024-10-08', 412.42, 'transferencia', 'incremental', NULL, NULL),
(286, 421, '2024-09-25', 129.41, 'transferencia', 'database', NULL, NULL),
(287, 128, '2024-02-20', 459.30, 'tarjeta', 'algorithm', NULL, NULL),
(288, 972, '2024-08-24', 194.46, 'tarjeta', 'algorithm', NULL, NULL),
(289, 241, '2024-10-04', 494.36, 'tarjeta', 'Innovative', NULL, NULL),
(290, 659, '2024-09-12', 311.65, 'transferencia', 'project', NULL, NULL),
(291, 975, '2024-07-04', 486.45, 'efectivo', 'Quality-focused', NULL, NULL),
(292, 148, '2024-07-25', 303.69, 'transferencia', 'intermediate', NULL, NULL),
(293, 408, '2024-08-30', 307.86, 'tarjeta', 'secondary', NULL, NULL),
(294, 707, '2024-02-02', 387.62, 'transferencia', 'high-level', NULL, NULL),
(295, 253, '2024-04-21', 325.31, 'tarjeta', 'Devolved', NULL, NULL),
(296, 216, '2024-10-12', 309.78, 'efectivo', 'alliance', NULL, NULL),
(297, 417, '2023-12-17', 327.04, 'efectivo', 'Cross-group', NULL, NULL),
(298, 270, '2024-05-13', 433.79, 'tarjeta', 'optimal', NULL, NULL),
(299, 873, '2024-02-19', 303.63, 'transferencia', 'Front-line', NULL, NULL),
(300, 183, '2024-11-15', 268.29, 'transferencia', 'Sharable', NULL, NULL),
(301, 530, '2024-07-16', 416.12, 'transferencia', 'Inverse', NULL, NULL),
(302, 993, '2024-10-28', 149.74, 'efectivo', 'customer loyalty', NULL, NULL),
(303, 940, '2024-04-17', 224.86, 'transferencia', 'composite', NULL, NULL),
(304, 326, '2024-08-02', 421.25, 'tarjeta', 'empowering', NULL, NULL),
(305, 194, '2024-06-30', 431.03, 'tarjeta', 'context-sensitive', NULL, NULL),
(306, 615, '2024-08-17', 132.21, 'transferencia', 'superstructure', NULL, NULL),
(307, 526, '2024-08-07', 428.96, 'efectivo', 'groupware', NULL, NULL),
(308, 289, '2024-07-04', 290.29, 'tarjeta', 'solution-oriented', NULL, NULL),
(309, 954, '2024-04-15', 315.04, 'efectivo', 'Monitored', NULL, NULL),
(310, 312, '2024-03-28', 358.70, 'transferencia', 'reciprocal', NULL, NULL),
(311, 870, '2024-07-17', 490.42, 'tarjeta', 'Customer-focused', NULL, NULL),
(312, 424, '2024-10-17', 387.03, 'tarjeta', 'motivating', NULL, NULL),
(313, 873, '2023-12-14', 257.93, 'efectivo', 'disintermediate', NULL, NULL),
(314, 974, '2024-10-25', 274.34, 'tarjeta', 'array', NULL, NULL),
(315, 911, '2024-11-01', 269.19, 'tarjeta', 'Reverse-engineered', NULL, NULL),
(316, 348, '2024-09-05', 159.49, 'transferencia', 'intangible', NULL, NULL),
(317, 864, '2024-07-27', 166.78, 'efectivo', 'Universal', NULL, NULL),
(318, 542, '2024-07-08', 251.95, 'tarjeta', 'solution-oriented', NULL, NULL),
(319, 384, '2024-04-13', 123.36, 'transferencia', 'throughput', NULL, NULL),
(320, 132, '2024-06-07', 456.39, 'efectivo', 'Visionary', NULL, NULL),
(321, 847, '2024-01-25', 396.02, 'tarjeta', 'Cloned', NULL, NULL),
(322, 776, '2024-10-11', 399.75, 'transferencia', 'Extended', NULL, NULL),
(323, 570, '2024-09-05', 214.75, 'tarjeta', '5th generation', NULL, NULL),
(324, 854, '2024-01-24', 163.77, 'transferencia', 'encryption', NULL, NULL),
(325, 734, '2024-11-03', 402.44, 'efectivo', 'instruction set', NULL, NULL),
(326, 779, '2024-05-02', 416.85, 'tarjeta', 'cohesive', NULL, NULL),
(327, 351, '2024-04-06', 427.89, 'transferencia', 'neutral', NULL, NULL),
(328, 492, '2024-10-08', 293.27, 'efectivo', 'regional', NULL, NULL),
(329, 998, '2024-04-01', 249.55, 'efectivo', 'motivating', NULL, NULL),
(330, 527, '2024-02-19', 480.88, 'transferencia', 'Phased', NULL, NULL),
(331, 829, '2024-10-29', 235.17, 'tarjeta', 'standardization', NULL, NULL),
(332, 372, '2024-01-07', 263.76, 'tarjeta', 'Programmable', NULL, NULL),
(333, 286, '2024-01-08', 347.20, 'transferencia', 'Ergonomic', NULL, NULL),
(334, 730, '2024-06-21', 127.66, 'tarjeta', 'discrete', NULL, NULL),
(335, 675, '2023-12-02', 403.92, 'transferencia', 'Polarised', NULL, NULL),
(336, 634, '2024-06-16', 411.36, 'transferencia', 'secondary', NULL, NULL),
(337, 941, '2024-01-18', 255.60, 'transferencia', 'Grass-roots', NULL, NULL),
(338, 492, '2024-04-28', 305.89, 'efectivo', 'bandwidth-monitored', NULL, NULL),
(339, 847, '2024-02-24', 392.67, 'tarjeta', 'Diverse', NULL, NULL),
(340, 730, '2024-09-09', 452.26, 'efectivo', 'core', NULL, NULL),
(341, 754, '2024-08-09', 262.00, 'efectivo', 'attitude', NULL, NULL),
(342, 70, '2024-10-03', 321.58, 'transferencia', 'clear-thinking', NULL, NULL),
(343, 134, '2024-06-27', 234.87, 'transferencia', 'Mandatory', NULL, NULL),
(344, 412, '2024-02-15', 475.08, 'tarjeta', 'forecast', NULL, NULL),
(345, 289, '2024-06-29', 159.60, 'transferencia', 'intranet', NULL, NULL),
(346, 808, '2024-09-24', 177.35, 'tarjeta', 'User-friendly', NULL, NULL),
(347, 322, '2024-11-14', 243.56, 'tarjeta', 'directional', NULL, NULL),
(348, 259, '2024-03-09', 308.32, 'efectivo', 'frame', NULL, NULL),
(349, 338, '2024-02-12', 396.50, 'efectivo', 'focus group', NULL, NULL),
(350, 393, '2023-12-11', 253.59, 'transferencia', 'grid-enabled', NULL, NULL),
(351, 111, '2024-06-15', 325.67, 'efectivo', 'access', NULL, NULL),
(352, 595, '2024-08-13', 136.97, 'transferencia', 'Expanded', NULL, NULL),
(353, 255, '2023-12-18', 457.22, 'transferencia', 'Exclusive', NULL, NULL),
(354, 822, '2024-01-06', 207.03, 'tarjeta', 'Triple-buffered', NULL, NULL),
(355, 374, '2024-02-06', 254.15, 'transferencia', 'Programmable', NULL, NULL),
(356, 485, '2024-07-08', 227.75, 'efectivo', 'Ameliorated', NULL, NULL),
(357, 179, '2024-03-30', 339.53, 'tarjeta', 'exuding', NULL, NULL),
(358, 484, '2024-04-04', 291.95, 'efectivo', 'Assimilated', NULL, NULL),
(359, 524, '2024-05-12', 152.23, 'efectivo', 'bottom-line', NULL, NULL),
(360, 983, '2024-06-10', 280.70, 'efectivo', 'interface', NULL, NULL),
(361, 91, '2024-03-13', 170.07, 'transferencia', 'Automated', NULL, NULL),
(362, 510, '2024-06-30', 276.51, 'efectivo', 'Ergonomic', NULL, NULL),
(363, 814, '2024-02-05', 478.54, 'tarjeta', 'capability', NULL, NULL),
(364, 533, '2024-01-15', 229.41, 'tarjeta', 'coherent', NULL, NULL),
(365, 334, '2023-12-14', 481.01, 'transferencia', 'Sharable', NULL, NULL),
(366, 906, '2024-11-18', 342.81, 'tarjeta', 'Total', NULL, NULL),
(367, 990, '2024-07-04', 368.90, 'tarjeta', 'knowledge base', NULL, NULL),
(368, 607, '2024-02-20', 360.30, 'tarjeta', 'archive', NULL, NULL),
(369, 217, '2023-11-24', 461.75, 'transferencia', 'User-centric', NULL, NULL),
(370, 560, '2024-11-14', 338.39, 'tarjeta', 'hardware', NULL, NULL),
(371, 424, '2024-10-17', 104.36, 'transferencia', 'demand-driven', NULL, NULL),
(372, 485, '2024-09-12', 358.68, 'tarjeta', 'Enterprise-wide', NULL, NULL),
(373, 152, '2024-07-06', 245.36, 'efectivo', 'Function-based', NULL, NULL),
(374, 721, '2024-02-17', 398.39, 'transferencia', 'real-time', NULL, NULL),
(375, 90, '2024-03-17', 279.66, 'tarjeta', 'Distributed', NULL, NULL),
(376, 313, '2024-10-05', 232.05, 'tarjeta', 'workforce', NULL, NULL),
(377, 595, '2024-05-08', 150.67, 'transferencia', 'Future-proofed', NULL, NULL),
(378, 28, '2024-08-08', 221.63, 'tarjeta', 'mobile', NULL, NULL),
(379, 2, '2024-11-18', 109.81, 'transferencia', 'Re-engineered', NULL, NULL),
(380, 594, '2024-09-06', 340.75, 'transferencia', 'policy', NULL, NULL),
(381, 816, '2024-10-01', 163.84, 'tarjeta', 'interactive', NULL, NULL),
(382, 669, '2024-08-08', 457.47, 'efectivo', 'Business-focused', NULL, NULL),
(383, 907, '2024-03-14', 156.84, 'efectivo', 'Automated', NULL, NULL),
(384, 959, '2024-06-09', 433.19, 'tarjeta', 'Extended', NULL, NULL),
(385, 191, '2024-05-24', 408.21, 'tarjeta', 'Ergonomic', NULL, NULL),
(386, 602, '2024-09-10', 276.03, 'transferencia', 'middleware', NULL, NULL),
(387, 256, '2024-05-26', 289.95, 'transferencia', 'Assimilated', NULL, NULL),
(388, 701, '2024-06-22', 254.43, 'efectivo', 'hybrid', NULL, NULL),
(389, 280, '2024-11-07', 382.51, 'efectivo', 'Networked', NULL, NULL),
(390, 523, '2024-06-30', 438.66, 'tarjeta', 'Quality-focused', NULL, NULL),
(391, 421, '2024-11-19', 302.87, 'tarjeta', 'open architecture', NULL, NULL),
(392, 664, '2023-11-24', 405.60, 'efectivo', 'Intuitive', NULL, NULL),
(393, 765, '2024-01-02', 451.02, 'efectivo', 'Diverse', NULL, NULL),
(394, 362, '2023-12-25', 420.83, 'transferencia', 'hybrid', NULL, NULL),
(395, 886, '2023-12-28', 150.42, 'efectivo', 'Customizable', NULL, NULL),
(396, 53, '2024-08-19', 353.78, 'transferencia', 'service-desk', NULL, NULL),
(397, 237, '2024-07-26', 403.38, 'transferencia', 'hardware', NULL, NULL),
(398, 474, '2023-12-04', 226.54, 'tarjeta', 'clear-thinking', NULL, NULL),
(399, 595, '2024-08-17', 481.43, 'efectivo', 'model', NULL, NULL),
(400, 158, '2023-12-25', 458.13, 'tarjeta', 'Programmable', NULL, NULL),
(401, 171, '2023-12-04', 388.83, 'tarjeta', 'Customer-focused', NULL, NULL),
(402, 348, '2023-12-11', 319.55, 'tarjeta', 'Face to face', NULL, NULL),
(403, 239, '2024-03-12', 165.50, 'tarjeta', 'challenge', NULL, NULL),
(404, 438, '2023-12-16', 413.67, 'tarjeta', 'functionalities', NULL, NULL),
(405, 266, '2023-12-22', 250.42, 'transferencia', 'Enhanced', NULL, NULL),
(406, 459, '2024-08-17', 321.55, 'tarjeta', 'needs-based', NULL, NULL),
(407, 259, '2024-03-12', 273.72, 'tarjeta', 'Devolved', NULL, NULL),
(408, 48, '2024-05-20', 169.68, 'efectivo', 'application', NULL, NULL),
(409, 1000, '2024-09-07', 384.09, 'transferencia', 'disintermediate', NULL, NULL),
(410, 746, '2024-03-05', 398.45, 'efectivo', 'internet solution', NULL, NULL),
(411, 178, '2024-02-18', 126.89, 'tarjeta', 'bottom-line', NULL, NULL),
(412, 704, '2024-04-15', 234.02, 'tarjeta', 'methodical', NULL, NULL),
(413, 982, '2024-02-16', 103.82, 'tarjeta', 'motivating', NULL, NULL),
(414, 678, '2023-11-23', 454.64, 'transferencia', 'Optimized', NULL, NULL),
(415, 132, '2024-01-08', 191.45, 'transferencia', 'service-desk', NULL, NULL),
(416, 984, '2024-09-20', 361.77, 'transferencia', 'didactic', NULL, NULL),
(417, 252, '2024-09-09', 297.65, 'transferencia', 'archive', NULL, NULL),
(418, 666, '2024-10-25', 104.75, 'tarjeta', 'Graphical User Interface', NULL, NULL),
(419, 111, '2024-07-18', 123.44, 'efectivo', 'Virtual', NULL, NULL),
(420, 872, '2024-05-09', 444.81, 'efectivo', 'Future-proofed', NULL, NULL),
(421, 57, '2024-08-12', 260.00, 'transferencia', 'array', NULL, NULL),
(422, 869, '2024-01-02', 469.56, 'efectivo', 'client-server', NULL, NULL),
(423, 657, '2023-11-21', 497.20, 'efectivo', 'Exclusive', NULL, NULL),
(424, 606, '2024-05-03', 136.65, 'transferencia', 'Grass-roots', NULL, NULL),
(425, 637, '2024-07-11', 153.79, 'tarjeta', 'forecast', NULL, NULL),
(426, 201, '2024-04-12', 429.62, 'transferencia', 'Synchronised', NULL, NULL),
(427, 514, '2024-06-19', 466.66, 'tarjeta', 'modular', NULL, NULL),
(428, 628, '2024-04-17', 243.49, 'efectivo', 'logistical', NULL, NULL),
(429, 934, '2024-05-22', 443.78, 'transferencia', 'Reactive', NULL, NULL),
(430, 67, '2023-11-27', 201.84, 'transferencia', 'Polarised', NULL, NULL),
(431, 884, '2024-09-23', 279.04, 'transferencia', 'composite', NULL, NULL),
(432, 289, '2024-11-22', 146.14, 'tarjeta', 'artificial intelligence', NULL, NULL),
(433, 215, '2023-12-08', 212.03, 'efectivo', 'leading edge', NULL, NULL),
(434, 401, '2023-12-04', 267.23, 'tarjeta', 'zero tolerance', NULL, NULL),
(435, 451, '2023-11-25', 213.54, 'transferencia', 'Fully-configurable', NULL, NULL),
(436, 335, '2024-09-11', 115.31, 'transferencia', 'budgetary management', NULL, NULL),
(437, 467, '2023-12-26', 116.31, 'transferencia', 'Multi-channelled', NULL, NULL),
(438, 72, '2024-07-20', 170.50, 'efectivo', 'zero tolerance', NULL, NULL),
(439, 554, '2024-05-30', 134.90, 'efectivo', 'neutral', NULL, NULL),
(440, 943, '2024-06-22', 370.07, 'tarjeta', 'project', NULL, NULL),
(441, 919, '2024-09-01', 434.57, 'efectivo', 'Ameliorated', NULL, NULL),
(442, 71, '2024-09-07', 269.96, 'efectivo', 'transitional', NULL, NULL),
(443, 771, '2024-01-24', 432.45, 'efectivo', 'high-level', NULL, NULL),
(444, 733, '2024-09-07', 365.44, 'tarjeta', 'frame', NULL, NULL),
(445, 337, '2024-08-04', 130.72, 'efectivo', 'infrastructure', NULL, NULL),
(446, 592, '2024-08-25', 126.08, 'transferencia', 'optimizing', NULL, NULL),
(447, 613, '2024-07-28', 174.82, 'efectivo', 'model', NULL, NULL),
(448, 680, '2024-04-16', 332.30, 'transferencia', 'Visionary', NULL, NULL),
(449, 254, '2024-02-20', 264.05, 'tarjeta', 'instruction set', NULL, NULL),
(450, 930, '2023-12-02', 222.45, 'tarjeta', 'complexity', NULL, NULL),
(451, 313, '2024-01-23', 395.26, 'transferencia', 'modular', NULL, NULL),
(452, 136, '2024-07-08', 420.01, 'transferencia', 'data-warehouse', NULL, NULL),
(453, 24, '2024-06-03', 337.44, 'tarjeta', 'middleware', NULL, NULL),
(454, 287, '2024-08-24', 281.69, 'transferencia', 'array', NULL, NULL),
(455, 567, '2024-05-11', 290.22, 'transferencia', 'dedicated', NULL, NULL),
(456, 781, '2024-11-21', 365.78, 'efectivo', 'holistic', NULL, NULL),
(457, 992, '2024-07-24', 182.22, 'tarjeta', 'actuating', NULL, NULL),
(458, 13, '2024-08-22', 216.13, 'transferencia', 'installation', NULL, NULL),
(459, 197, '2024-08-15', 212.41, 'efectivo', 'multimedia', NULL, NULL),
(460, 446, '2024-07-30', 194.81, 'tarjeta', 'Universal', NULL, NULL),
(461, 384, '2024-10-13', 177.84, 'efectivo', 'product', NULL, NULL),
(462, 659, '2024-06-24', 137.28, 'transferencia', 'dynamic', NULL, NULL),
(463, 956, '2024-03-29', 216.53, 'transferencia', 'paradigm', NULL, NULL),
(464, 741, '2023-12-20', 194.67, 'transferencia', 'analyzer', NULL, NULL),
(465, 755, '2024-10-15', 145.50, 'tarjeta', '24/7', NULL, NULL),
(466, 640, '2024-04-13', 121.19, 'transferencia', 'responsive', NULL, NULL),
(467, 214, '2024-05-16', 426.85, 'efectivo', 'local area network', NULL, NULL),
(468, 945, '2024-08-08', 138.48, 'efectivo', 'website', NULL, NULL),
(469, 656, '2024-10-25', 277.76, 'tarjeta', 'alliance', NULL, NULL),
(470, 526, '2024-01-02', 194.58, 'tarjeta', 'functionalities', NULL, NULL),
(471, 975, '2024-08-26', 179.16, 'efectivo', 'groupware', NULL, NULL),
(472, 526, '2024-08-01', 188.36, 'transferencia', 'orchestration', NULL, NULL),
(473, 684, '2024-04-09', 218.75, 'tarjeta', 'interactive', NULL, NULL),
(474, 333, '2024-01-22', 462.93, 'tarjeta', 'system-worthy', NULL, NULL),
(475, 149, '2024-03-08', 220.38, 'transferencia', 'client-driven', NULL, NULL),
(476, 783, '2024-01-19', 319.70, 'tarjeta', 'human-resource', NULL, NULL),
(477, 443, '2024-07-29', 280.40, 'efectivo', 'Secured', NULL, NULL),
(478, 198, '2024-09-11', 255.37, 'tarjeta', 'Stand-alone', NULL, NULL),
(479, 573, '2024-01-04', 339.75, 'tarjeta', 'challenge', NULL, NULL),
(480, 832, '2024-06-02', 416.79, 'transferencia', 'client-driven', NULL, NULL),
(481, 459, '2024-08-15', 406.63, 'transferencia', 'Upgradable', NULL, NULL),
(482, 912, '2024-02-04', 302.31, 'tarjeta', 'neutral', NULL, NULL),
(483, 688, '2024-07-15', 171.24, 'tarjeta', 'Graphic Interface', NULL, NULL),
(484, 250, '2024-11-01', 176.94, 'efectivo', 'demand-driven', NULL, NULL),
(485, 623, '2024-04-16', 362.63, 'tarjeta', 'complexity', NULL, NULL),
(486, 431, '2024-09-06', 498.78, 'transferencia', 'customer loyalty', NULL, NULL),
(487, 333, '2023-12-10', 281.01, 'tarjeta', 'function', NULL, NULL),
(488, 648, '2024-07-06', 386.04, 'tarjeta', 'actuating', NULL, NULL),
(489, 914, '2024-11-09', 416.73, 'tarjeta', 'clear-thinking', NULL, NULL),
(490, 749, '2024-01-18', 389.56, 'transferencia', 'Organized', NULL, NULL),
(491, 373, '2024-01-19', 249.36, 'tarjeta', 'Versatile', NULL, NULL),
(492, 603, '2024-07-11', 377.40, 'transferencia', 'Mandatory', NULL, NULL),
(493, 715, '2024-04-23', 184.35, 'transferencia', 'grid-enabled', NULL, NULL),
(494, 728, '2024-08-30', 379.67, 'transferencia', 'human-resource', NULL, NULL),
(495, 647, '2024-01-22', 415.58, 'efectivo', 'heuristic', NULL, NULL),
(496, 551, '2023-11-24', 218.39, 'efectivo', 'solution', NULL, NULL),
(497, 287, '2024-08-03', 287.71, 'tarjeta', 'full-range', NULL, NULL),
(498, 29, '2023-12-14', 427.39, 'tarjeta', 'info-mediaries', NULL, NULL),
(499, 290, '2024-06-18', 416.67, 'efectivo', 'Proactive', NULL, NULL),
(500, 323, '2024-11-13', 222.22, 'efectivo', 'Profit-focused', NULL, NULL);
COMMIT;

/*!40101 SET CHARACTER_SET_CLIENT=@OLD_CHARACTER_SET_CLIENT */;
/*!40101 SET CHARACTER_SET_RESULTS=@OLD_CHARACTER_SET_RESULTS */;
/*!40101 SET COLLATION_CONNECTION=@OLD_COLLATION_CONNECTION */;
